해역,년도,광역시도,지선,위도,경도,,,,,,,,,,,
동해,2011,강원도,양양군 현북면 기사문리,38.09666667,128.7661111,,,,,,,,,,,
동해,2011,강원도,양양군 현북면 기사문리,38.02527778,128.8091667,,,,,,,,,,,
동해,2011,강원도,양양군 현북면 기사문리,38.1625,128.8886111,,,,,,,,,,,
동해,2011,강원도,양양군 현북면 기사문리,38.2125,128.97,,,,,,,,,,,
동해,2011,강원도,삼척시 원덕읍 신남,37.39138889,129.5086111,,,,,,,,,,,
동해,2011,강원도,삼척시 원덕읍 신남,37.40444444,129.5430556,,,,,,,,,,,
동해,2011,강원도,삼척시 원덕읍 신남,37.46444444,129.3608333,,,,,,,,,,,
동해,2011,강원도,삼척시 원덕읍 신남,37.35027778,129.4505556,,,,,,,,,,,
동해,2011,강원도,삼척시 원덕읍 신남,37.36777778,129.4786111,,,,,,,,,,,
동해,2011,경상북도,울진군 울진읍 현내리,37.20527778,129.4466667,,,,,,,,,,,
동해,2011,경상북도,울진군 울진읍 현내리,37.06861111,129.4466667,,,,,,,,,,,
동해,2011,경상북도,울진군 울진읍 현내리,37.06861111,129.5936111,,,,,,,,,,,
동해,2011,경상북도,울진군 울진읍 현내리,37.20527778,129.5936111,,,,,,,,,,,
동해,2011,부산광역시,영도구 동삼동,35.30305556,129.1291667,,,,,,,,,,,
동해,2011,부산광역시,영도구 동삼동,35.08666667,129.2033333,,,,,,,,,,,
동해,2011,부산광역시,영도구 동삼동,35.21888889,129.3011111,,,,,,,,,,,
동해,2011,부산광역시,영도구 동삼동,35.24388889,129.3355556,,,,,,,,,,,
서해,2011,인천광역시,웅진군 백령면 고봉포,38.23361111,124.7672222,,,,,,,,,,,
서해,2011,인천광역시,웅진군 백령면 고봉포,37.99555556,124.6952778,,,,,,,,,,,
서해,2011,인천광역시,웅진군 백령면 고봉포,38.19805556,124.8169444,,,,,,,,,,,
서해,2011,인천광역시,웅진군 백령면 고봉포,38.22305556,124.8466667,,,,,,,,,,,
서해,2011,충청남도,"보령시 웅천읍 무창포
(1단지)",36.41805556,126.6291667,,,,,,,,,,,
서해,2011,충청남도,"보령시 웅천읍 무창포
(1단지)",36.4075,126.6433333,,,,,,,,,,,
서해,2011,충청남도,"보령시 웅천읍 무창포
(1단지)",36.44888889,126.6616667,,,,,,,,,,,
서해,2011,충청남도,"보령시 웅천읍 무창포
(1단지)",36.42277778,126.6686111,,,,,,,,,,,
서해,2011,충청남도,"보령시 웅천읍 무창포
(1단지)",36.25305556,126.5344444,,,,,,,,,,,
서해,2011,충청남도,"보령시 웅천읍 무창포
(1단지)",36.44805556,126.6983333,,,,,,,,,,,
서해,2011,충청남도,"보령시 웅천읍 무창포
(2단지)",36.43,126.7461111,,,,,,,,,,,
서해,2011,충청남도,"보령시 웅천읍 무창포
(2단지)",36.44583333,126.5408333,,,,,,,,,,,
서해,2011,충청남도,"보령시 웅천읍 무창포
(2단지)",36.42194444,126.7641667,,,,,,,,,,,
서해,2011,충청남도,"보령시 웅천읍 무창포
(2단지)",36.25361111,126.7747222,,,,,,,,,,,
서해,2011,전라북도,군산시 옥도면 장자도,35.99555556,126.4941667,,,,,,,,,,,
서해,2011,전라북도,군산시 옥도면 장자도,35.98861111,126.505,,,,,,,,,,,
서해,2011,전라북도,군산시 옥도면 장자도,35.98722222,126.5311111,,,,,,,,,,,
서해,2011,전라북도,군산시 옥도면 장자도,36.02083333,126.5355556,,,,,,,,,,,
서해,2011,전라북도,군산시 옥도면 장자도,35.82,126.5544444,,,,,,,,,,,
서해,2011,전라북도,군산시 옥도면 장자도,35.99861111,126.5741667,,,,,,,,,,,
서해,2011,전라북도,"군산시 옥도면 장자도
(잘피)",35.99861111,126.5741667,,,,,,,,,,,
서해,2011,전라북도,"군산시 옥도면 장자도
(잘피)",36.00888889,126.5847222,,,,,,,,,,,
서해,2011,전라북도,"군산시 옥도면 장자도
(잘피)",35.98916667,126.5936111,,,,,,,,,,,
서해,2011,전라북도,"군산시 옥도면 장자도
(잘피)",35.99916667,126.6030556,,,,,,,,,,,
남해,2011,경상남도,통영시 사량면 사량도,34.90027778,128.3966667,,,,,,,,,,,
남해,2011,경상남도,통영시 사량면 사량도,34.98805556,128.1819444,,,,,,,,,,,
남해,2011,경상남도,통영시 사량면 사량도,34.94222222,128.1827778,,,,,,,,,,,
남해,2011,경상남도,통영시 사량면 사량도,35.06694444,128.2005556,,,,,,,,,,,
남해,2011,경상남도,통영시 사량면 사량도,34.88694444,128.2011111,,,,,,,,,,,
남해,2011,경상남도,통영시 사량면 사량도,34.95222222,128.2633333,,,,,,,,,,,
남해,2011,경상남도,통영시 사량면 사량도,34.92194444,128.1813889,,,,,,,,,,,
남해,2011,경상남도,통영시 사량면 사량도,34.86694444,128.3275,,,,,,,,,,,
남해,2011,경상남도,통영시 사량면 사량도,35.05666667,128.3291667,,,,,,,,,,,
남해,2011,경상남도,통영시 사량면 사량도,34.9225,128.3386111,,,,,,,,,,,
남해,2011,경상남도,통영시 사량면 사량도,34.86444444,128.3619444,,,,,,,,,,,
남해,2011,경상남도,통영시 사량면 사량도,34.83666667,128.38,,,,,,,,,,,
남해,2011,경상남도,통영시 사량면 사량도,35.01444444,128.1897222,,,,,,,,,,,
남해,2011,경상남도,통영시 사량면 사량도,34.91138889,128.4080556,,,,,,,,,,,
남해,2011,경상남도,통영시 사량면 사량도,34.95916667,128.4163889,,,,,,,,,,,
남해,2011,경상남도,통영시 사량면 사량도,34.93861111,128.4211111,,,,,,,,,,,
남해,2011,경상남도,통영시 사량면 사량도,34.88555556,128.1905556,,,,,,,,,,,
남해,2011,경상남도,통영시 사량면 사량도,34.83416667,128.2002778,,,,,,,,,,,
남해,2011,경상남도,통영시 사량면 사량도,34.95666667,128.2002778,,,,,,,,,,,
남해,2011,경상남도,통영시 사량면 사량도,34.98972222,128.2030556,,,,,,,,,,,
남해,2011,경상남도,통영시 사량면 사량도,35.01916667,128.2372222,,,,,,,,,,,
남해,2011,경상남도,통영시 사량면 사량도,34.97861111,128.2483333,,,,,,,,,,,
남해,2011,전라남도,"여수시 삼산면 거문도
(거문리)",34.13305556,127.3975,,,,,,,,,,,
남해,2011,전라남도,"여수시 삼산면 거문도
(거문리)",34.08166667,127.4177778,,,,,,,,,,,
남해,2011,전라남도,"여수시 삼산면 거문도
(거문리)",34.10861111,127.4261111,,,,,,,,,,,
남해,2011,전라남도,"여수시 삼산면 거문도
(거문리)",34.09027778,127.4297222,,,,,,,,,,,
남해,2011,전라남도,"여수시 삼산면 거문도
(거문리)",34.02666667,127.4716667,,,,,,,,,,,
남해,2011,전라남도,"여수시 삼산면 거문도
(거문리)",34.15333333,127.4772222,,,,,,,,,,,
남해,2011,전라남도,"여수시 삼산면 거문도
(거문리)",34.08972222,127.4897222,,,,,,,,,,,
제주도,2011,제주도,제주시 애월읍 동귀리,33.58,126.4447222,,,,,,,,,,,
제주도,2011,제주도,제주시 애월읍 동귀리,33.61777778,126.4669444,,,,,,,,,,,
제주도,2011,제주도,제주시 애월읍 동귀리,33.5175,126.4797222,,,,,,,,,,,
제주도,2011,제주도,제주시 애월읍 동귀리,33.70083333,126.4905556,,,,,,,,,,,
제주도,2011,제주도,제주시 애월읍 동귀리,33.5325,126.5338889,,,,,,,,,,,
제주도,2011,제주도,제주시 애월읍 동귀리,33.7325,126.4155556,,,,,,,,,,,
제주도,2011,제주도,제주시 애월읍 동귀리,33.5925,126.5758333,,,,,,,,,,,
제주도,2011,제주도,제주시 애월읍 동귀리,33.71722222,126.6088889,,,,,,,,,,,
제주도,2011,제주도,서귀포시 하예동,33.39333333,126.3841667,,,,,,,,,,,
제주도,2011,제주도,서귀포시 하예동,33.47944444,126.3930556,,,,,,,,,,,
제주도,2011,제주도,서귀포시 하예동,33.49194444,126.3997222,,,,,,,,,,,
제주도,2011,제주도,서귀포시 하예동,33.44583333,126.5919444,,,,,,,,,,,
제주도,2011,제주도,서귀포시 하예동,33.35388889,126.6030556,,,,,,,,,,,
제주도,2011,제주도,서귀포시 하예동,33.26083333,126.4927778,,,,,,,,,,,
동해,2012,강원도,"강릉시 주문진읍 주문리
(소돌)",37.96611111,128.9688889,,,,,,,,,,,
동해,2012,강원도,"강릉시 주문진읍 주문리
(소돌)",38.01222222,129.0175,,,,,,,,,,,
동해,2012,강원도,"강릉시 주문진읍 주문리
(소돌)",37.97361111,129.0758333,,,,,,,,,,,
동해,2012,강원도,"강릉시 주문진읍 주문리
(소돌)",38.01972222,128.8633333,,,,,,,,,,,
동해,2012,강원도,"강릉시 주문진읍 주문리
(소돌)",37.99583333,129.0569444,,,,,,,,,,,
동해,2012,강원도,"강릉시 주문진읍 주문리
(소돌)",38.08805556,128.8930556,,,,,,,,,,,
동해,2012,강원도,삼척시 원덕읍 갈남리,37.32472222,129.3911111,,,,,,,,,,,
동해,2012,강원도,삼척시 원덕읍 갈남리,37.28388889,129.4797222,,,,,,,,,,,
동해,2012,강원도,삼척시 원덕읍 갈남리,37.46055556,129.5419444,,,,,,,,,,,
동해,2012,강원도,삼척시 원덕읍 갈남리,37.29277778,129.5730556,,,,,,,,,,,
동해,2012,경상북도,포항시 남구 구룡포,36.03833333,129.7508333,,,,,,,,,,,
동해,2012,경상북도,포항시 남구 구룡포,35.99277778,129.7508333,,,,,,,,,,,
동해,2012,경상북도,포항시 남구 구룡포,36.22555556,129.6022222,,,,,,,,,,,
동해,2012,경상북도,포항시 남구 구룡포,36.19694444,129.6680556,,,,,,,,,,,
동해,2012,경상북도,포항시 남구 구룡포,36.05444444,129.6783333,,,,,,,,,,,
동해,2012,울산광역시,동구 주전동,35.72944444,129.5588889,,,,,,,,,,,
동해,2012,울산광역시,동구 주전동,35.56805556,129.5608333,,,,,,,,,,,
동해,2012,울산광역시,동구 주전동,35.72888889,129.7058333,,,,,,,,,,,
동해,2012,울산광역시,동구 주전동,35.5675,129.7080556,,,,,,,,,,,
서헤,2012,전라북도,군산시 옥도면 무녀도,35.89,126.5205556,,,,,,,,,,,
서헤,2012,전라북도,군산시 옥도면 무녀도,35.98777778,126.5205556,,,,,,,,,,,
서헤,2012,전라북도,군산시 옥도면 무녀도,35.98722222,126.6797222,,,,,,,,,,,
서헤,2012,전라북도,군산시 옥도면 무녀도,35.88972222,126.6794444,,,,,,,,,,,
서헤,2012,전라북도,부안군 변산면 격포리,35.62861111,126.5541667,,,,,,,,,,,
서헤,2012,전라북도,부안군 변산면 격포리,35.7075,126.5597222,,,,,,,,,,,
서헤,2012,전라북도,부안군 변산면 격포리,35.63222222,126.6688889,,,,,,,,,,,
서헤,2012,전라북도,부안군 변산면 격포리,35.7125,126.6730556,,,,,,,,,,,
남해,2012,경상남도,통영시 욕지면 초도,34.70138889,128.5125,,,,,,,,,,,
남해,2012,경상남도,통영시 욕지면 초도,34.62944444,128.5397222,,,,,,,,,,,
남해,2012,경상남도,통영시 욕지면 초도,34.74194444,128.3016667,,,,,,,,,,,
남해,2012,경상남도,통영시 욕지면 초도,34.77277778,128.3066667,,,,,,,,,,,
남해,2012,경상남도,통영시 욕지면 초도,34.61916667,128.3686111,,,,,,,,,,,
남해,2012,경상남도,통영시 욕지면 초도,34.85666667,128.3991667,,,,,,,,,,,
남해,2012,경상남도,통영시 욕지면 초도,34.84638889,128.4466667,,,,,,,,,,,
남해,2012,경상남도,통영시 욕지면 초도,34.86888889,128.4716667,,,,,,,,,,,
남해,2012,경상남도,통영시 욕지면 초도,34.75638889,128.3172222,,,,,,,,,,,
남해,2012,경상남도,통영시 욕지면 초도,34.65527778,128.3169444,,,,,,,,,,,
남해,2012,경상남도,통영시 욕지면 초도,34.69083333,128.3338889,,,,,,,,,,,
남해,2012,경상남도,통영시 욕지면 초도,34.66277778,128.4891667,,,,,,,,,,,
남해,2012,전라남도,완도군 청산면 모서리,34.21972222,126.9791667,,,,,,,,,,,
남해,2012,전라남도,완도군 청산면 모서리,34.25361111,126.9875,,,,,,,,,,,
남해,2012,전라남도,완도군 청산면 모서리,34.25361111,127.0061111,,,,,,,,,,,
남해,2012,전라남도,완도군 청산면 모서리,34.385,126.7605556,,,,,,,,,,,
남해,2012,전라남도,완도군 청산면 모서리,34.32638889,126.7538889,,,,,,,,,,,
남해,2012,전라남도,완도군 청산면 모서리,34.22527778,126.7908333,,,,,,,,,,,
남해,2012,전라남도,완도군 청산면 모서리,34.43472222,126.8022222,,,,,,,,,,,
남해,2012,전라남도,완도군 청산면 모서리,34.36166667,126.8227778,,,,,,,,,,,
남해,2012,전라남도,완도군 청산면 모서리,34.32138889,126.8288889,,,,,,,,,,,
남해,2012,전라남도,완도군 청산면 모서리,34.34027778,126.8975,,,,,,,,,,,
남해,2012,전라남도,완도군 청산면 모서리,34.38638889,126.9705556,,,,,,,,,,,
남해,2012,전라남도,완도군 청산면 모서리,34.415,126.9838889,,,,,,,,,,,
남해,2012,전라남도,완도군 청산면 모서리,34.22083333,126.9883333,,,,,,,,,,,
남해,2012,전라남도,완도군 청산면 모서리,34.24861111,126.8122222,,,,,,,,,,,
남해,2012,전라남도,완도군 청산면 모서리,34.25444444,126.8275,,,,,,,,,,,
제주,2012,제주도,제주시 조천읍 북촌리,33.60111111,126.8272222,,,,,,,,,,,
제주,2012,제주도,제주시 조천읍 북촌리,33.55333333,126.6683333,,,,,,,,,,,
제주,2012,제주도,제주시 조천읍 북촌리,33.65166667,126.7663889,,,,,,,,,,,
제주,2012,제주도,제주시 조천읍 북촌리,33.745,126.8569444,,,,,,,,,,,
제주,2012,제주도,제주시 조천읍 북촌리,33.77416667,126.7313889,,,,,,,,,,,
제주,2012,제주도,제주시 조천읍 북촌리,33.61166667,126.8091667,,,,,,,,,,,
제주,2012,제주도,제주시 조천읍 북촌리,33.72444444,126.8180556,,,,,,,,,,,
제주,2012,제주도,서귀포시 대포동,33.23555556,126.5625,,,,,,,,,,,
제주,2012,제주도,서귀포시 대포동,33.29583333,126.5822222,,,,,,,,,,,
제주,2012,제주도,서귀포시 대포동,33.2775,126.6344444,,,,,,,,,,,
제주,2012,제주도,서귀포시 대포동,33.24111111,126.4433333,,,,,,,,,,,
제주,2012,제주도,서귀포시 대포동,33.32611111,126.5297222,,,,,,,,,,,
제주,2012,제주도,서귀포시 대포동,33.44638889,126.5658333,,,,,,,,,,,
제주,2012,제주도,서귀포시 대포동,33.29611111,126.5775,,,,,,,,,,,
제주,2012,제주도,서귀포시 대포동,33.35027778,126.6977778,,,,,,,,,,,
제주,2012,제주도,서귀포시 대포동,33.31444444,126.4608333,,,,,,,,,,,
동해,2013,강원도,강릉시 사천면 사천진리,37.91055556,129.0319444,,,,,,,,,,,
동해,2013,강원도,강릉시 사천면 사천진리,37.97166667,128.8708333,,,,,,,,,,,
동해,2013,강원도,강릉시 사천면 사천진리,37.83638889,129.0169444,,,,,,,,,,,
동해,2013,강원도,강릉시 사천면 사천진리,37.9625,129.0263889,,,,,,,,,,,
동해,2013,강원도,강릉시 사천면 사천진리,38.03527778,129.0802778,,,,,,,,,,,
동해,2013,강원도,강릉시 사천면 사천진리,37.96138889,128.8883333,,,,,,,,,,,
동해,2013,강원도,강릉시 사천면 사천진리,38.01611111,128.8930556,,,,,,,,,,,
동해,2013,강원도,동해시 어달동 어달리,37.65305556,129.1213889,,,,,,,,,,,
동해,2013,강원도,동해시 어달동 어달리,37.7225,129.2155556,,,,,,,,,,,
동해,2013,강원도,동해시 어달동 어달리,37.57944444,129.2938889,,,,,,,,,,,
동해,2013,강원도,동해시 어달동 어달리,37.74611111,129.2994444,,,,,,,,,,,
동해,2013,강원도,동해시 어달동 어달리,37.57444444,129.3319444,,,,,,,,,,,
동해,2013,경상북도,포항시 남구 구만2리,36.20861111,129.5405556,,,,,,,,,,,
동해,2013,경상북도,포항시 남구 구만2리,36.18083333,129.5441667,,,,,,,,,,,
동해,2013,경상북도,포항시 남구 구만2리,36.27472222,129.6836111,,,,,,,,,,,
동해,2013,경상북도,포항시 남구 구만2리,36.10388889,129.7011111,,,,,,,,,,,
동해,2013,경상북도,포항시 남구 구만2리,36.16166667,129.7641667,,,,,,,,,,,
동해,2013,경상북도,포항시 남구 구만2리,36.12083333,129.8061111,,,,,,,,,,,
동해,2013,경상북도,영덕군 강구면 삼사리,36.37361111,129.6169444,,,,,,,,,,,
동해,2013,경상북도,영덕군 강구면 삼사리,36.50638889,129.405,,,,,,,,,,,
동해,2013,경상북도,영덕군 강구면 삼사리,36.3675,129.4116667,,,,,,,,,,,
동해,2013,경상북도,영덕군 강구면 삼사리,36.49972222,129.4988889,,,,,,,,,,,
동해,2013,경상북도,영덕군 강구면 삼사리,36.42138889,129.5144444,,,,,,,,,,,
동해,2013,경상북도,영덕군 강구면 삼사리,36.59583333,129.5272222,,,,,,,,,,,
동해,2013,경상북도,영덕군 강구면 삼사리,36.38416667,129.5758333,,,,,,,,,,,
동해,2013,경상북도,영덕군 강구면 삼사리,36.41694444,129.6038889,,,,,,,,,,,
동해,2013,경상북도,영덕군 강구면 삼사리,36.61138889,129.4338889,,,,,,,,,,,
동해,2013,경상북도,영덕군 강구면 삼사리,36.60944444,129.4352778,,,,,,,,,,,
동해,2013,경상북도,영덕군 강구면 삼사리,36.70805556,129.4697222,,,,,,,,,,,
서해,2013,충청남도,"서산시 대산읍 가로림만
(1단지)",36.97194444,126.5452778,,,,,,,,,,,
서해,2013,충청남도,"서산시 대산읍 가로림만
(1단지)",37.02472222,126.3391667,,,,,,,,,,,
서해,2013,충청남도,"서산시 대산읍 가로림만
(1단지)",37.14638889,126.3966667,,,,,,,,,,,
서해,2013,충청남도,"서산시 대산읍 가로림만
(1단지)",36.92861111,126.4486111,,,,,,,,,,,
서해,2013,충청남도,"서산시 대산읍 가로림만
(2단지)",37.11777778,126.6011111,,,,,,,,,,,
서해,2013,충청남도,"서산시 대산읍 가로림만
(2단지)",37.14611111,126.3816667,,,,,,,,,,,
서해,2013,충청남도,"서산시 대산읍 가로림만
(2단지)",37.01833333,126.4244444,,,,,,,,,,,
서해,2013,충청남도,"서산시 대산읍 가로림만
(2단지)",37.04555556,126.4669444,,,,,,,,,,,
서해,2013,충청남도,"서산시 대산읍 가로림만
(3단지)",37.05611111,126.5197222,,,,,,,,,,,
서해,2013,충청남도,"서산시 대산읍 가로림만
(3단지)",36.90388889,126.5513889,,,,,,,,,,,
서해,2013,충청남도,"서산시 대산읍 가로림만
(3단지)",36.90472222,126.3691667,,,,,,,,,,,
서해,2013,충청남도,"서산시 대산읍 가로림만
(3단지)",37.05638889,126.3938889,,,,,,,,,,,
남해,2013,경상남도,통영시 욕지면 두미도,34.81333333,128.4158333,,,,,,,,,,,
남해,2013,경상남도,통영시 욕지면 두미도,34.74833333,128.4163889,,,,,,,,,,,
남해,2013,경상남도,통영시 욕지면 두미도,34.89083333,128.2580556,,,,,,,,,,,
남해,2013,경상남도,통영시 욕지면 두미도,34.91416667,128.3063889,,,,,,,,,,,
남해,2013,경상남도,통영시 욕지면 두미도,34.89666667,128.4386111,,,,,,,,,,,
남해,2013,경상남도,통영시 욕지면 두미도,34.78027778,128.1844444,,,,,,,,,,,
남해,2013,경상남도,통영시 욕지면 두미도,34.91222222,128.1844444,,,,,,,,,,,
남해,2013,경상남도,통영시 욕지면 두미도,34.7375,128.1986111,,,,,,,,,,,
남해,2013,경상남도,통영시 욕지면 두미도,34.7875,128.1986111,,,,,,,,,,,
남해,2013,경상남도,통영시 욕지면 두미도,34.69666667,128.3858333,,,,,,,,,,,
남해,2013,경상남도,통영시 욕지면 두미도,34.80388889,128.2252778,,,,,,,,,,,
남해,2013,경상남도,통영시 욕지면 두미도,34.85111111,128.2675,,,,,,,,,,,
남해,2013,전라남도,완도군 청산면 모동리,34.39583333,126.8691667,,,,,,,,,,,
남해,2013,전라남도,완도군 청산면 모동리,34.25638889,126.8958333,,,,,,,,,,,
남해,2013,전라남도,완도군 청산면 모동리,34.27444444,126.9077778,,,,,,,,,,,
남해,2013,전라남도,완도군 청산면 모동리,34.26888889,126.9466667,,,,,,,,,,,
남해,2013,전라남도,완도군 청산면 모동리,34.30055556,126.9738889,,,,,,,,,,,
남해,2013,전라남도,완도군 청산면 모동리,34.13555556,126.7588889,,,,,,,,,,,
남해,2013,전라남도,완도군 청산면 모동리,34.29527778,126.7763889,,,,,,,,,,,
제주,2013,제주도,제주시 애월읍 고내리,33.57722222,126.4491667,,,,,,,,,,,
제주,2013,제주도,제주시 애월읍 고내리,33.54472222,126.4597222,,,,,,,,,,,
제주,2013,제주도,제주시 애월읍 고내리,33.49083333,126.3383333,,,,,,,,,,,
제주,2013,제주도,제주시 애월읍 고내리,33.59583333,126.3936111,,,,,,,,,,,
제주,2013,제주도,제주시 애월읍 고내리,33.69583333,126.5647222,,,,,,,,,,,
제주,2013,제주도,제주시 애월읍 고내리,33.58194444,126.3533333,,,,,,,,,,,
제주,2013,제주도,서귀포시 성산읍 고성?신양리,33.46444444,127.0836111,,,,,,,,,,,
제주,2013,제주도,서귀포시 성산읍 고성?신양리,33.44638889,127.1172222,,,,,,,,,,,
제주,2013,제주도,서귀포시 성산읍 고성?신양리,33.52805556,127.1319444,,,,,,,,,,,
제주,2013,제주도,서귀포시 성산읍 고성?신양리,33.44833333,127.145,,,,,,,,,,,
제주,2013,제주도,서귀포시 성산읍 고성?신양리,33.52111111,127.1891667,,,,,,,,,,,
제주,2013,제주도,서귀포시 성산읍 고성?신양리,33.64472222,126.9597222,,,,,,,,,,,
제주,2013,제주도,서귀포시 성산읍 고성?신양리,33.68277778,126.99,,,,,,,,,,,
제주,2013,제주도,서귀포시 성산읍 고성?신양리,33.52638889,126.9969444,,,,,,,,,,,
제주,2013,제주도,서귀포시 성산읍 고성?신양리,33.63444444,127.0447222,,,,,,,,,,,
동해,2014,강원도,양양군 강현면 물치리,38.3075,128.7577778,,,,,,,,,,,
동해,2014,강원도,양양군 강현면 물치리,38.25694444,128.8513889,,,,,,,,,,,
동해,2014,강원도,양양군 강현면 물치리,38.32055556,128.6475,,,,,,,,,,,
동해,2014,강원도,양양군 강현면 물치리,38.31777778,128.7172222,,,,,,,,,,,
동해,2014,강원도,"강릉시 주문진읍 주문리
(주문5리)",37.90111111,129.0261111,,,,,,,,,,,
동해,2014,강원도,"강릉시 주문진읍 주문리
(주문5리)",37.90527778,129.0302778,,,,,,,,,,,
동해,2014,강원도,"강릉시 주문진읍 주문리
(주문5리)",37.91305556,129.0686111,,,,,,,,,,,
동해,2014,강원도,"강릉시 주문진읍 주문리
(주문5리)",37.90305556,129.0930556,,,,,,,,,,,
동해,2014,강원도,"강릉시 주문진읍 주문리
(주문5리)",38.12861111,128.8541667,,,,,,,,,,,
동해,2014,강원도,"강릉시 주문진읍 주문리
(주문5리)",38.12888889,128.8541667,,,,,,,,,,,
동해,2014,강원도,"강릉시 주문진읍 주문리
(주문5리)",38.12861111,128.8544444,,,,,,,,,,,
동해,2014,강원도,"강릉시 주문진읍 주문리
(주문5리)",38.0475,128.8733333,,,,,,,,,,,
동해,2014,강원도,"강릉시 주문진읍 주문리
(주문5리)",37.93083333,128.9669444,,,,,,,,,,,
동해,2014,강원도,"강릉시 주문진읍 주문리
(주문5리)",38.14361111,129.0002778,,,,,,,,,,,
동해,2014,경상북도,포항시 남구 삼정3리,36.06277778,129.6652778,,,,,,,,,,,
동해,2014,경상북도,포항시 남구 삼정3리,36.0675,129.6847222,,,,,,,,,,,
동해,2014,경상북도,포항시 남구 삼정3리,36.08666667,129.7122222,,,,,,,,,,,
동해,2014,경상북도,포항시 남구 삼정3리,36.11722222,129.5819444,,,,,,,,,,,
동해,2014,경상북도,포항시 남구 삼정3리,36.00861111,129.7313889,,,,,,,,,,,
동해,2014,경상북도,포항시 남구 삼정3리,36.17194444,129.7447222,,,,,,,,,,,
동해,2014,경상북도,포항시 남구 삼정3리,36.08,129.7852778,,,,,,,,,,,
동해,2014,경상북도,포항시 남구 삼정3리,36.17361111,129.8316667,,,,,,,,,,,
동해,2014,경상북도,포항시 북구 방어리,36.27666667,129.5516667,,,,,,,,,,,
동해,2014,경상북도,포항시 북구 방어리,36.32083333,129.5519444,,,,,,,,,,,
동해,2014,경상북도,포항시 북구 방어리,36.245,129.4291667,,,,,,,,,,,
동해,2014,경상북도,포항시 북구 방어리,36.25361111,129.51,,,,,,,,,,,
동해,2014,경상북도,포항시 북구 방어리,36.37305556,129.5641667,,,,,,,,,,,
동해,2014,경상북도,울릉군 서면 태하리,37.52194444,130.9530556,,,,,,,,,,,
동해,2014,경상북도,울릉군 서면 태하리,37.72638889,130.9913889,,,,,,,,,,,
동해,2014,경상북도,울릉군 서면 태하리,37.65944444,131.0030556,,,,,,,,,,,
동해,2014,경상북도,울릉군 서면 태하리,37.68555556,131.0291667,,,,,,,,,,,
동해,2014,경상북도,영덕군 원척리?경정리,36.49638889,129.5791667,,,,,,,,,,,
동해,2014,경상북도,영덕군 원척리?경정리,36.46222222,129.585,,,,,,,,,,,
동해,2014,경상북도,영덕군 원척리?경정리,36.47277778,129.3933333,,,,,,,,,,,
동해,2014,경상북도,영덕군 원척리?경정리,36.49583333,129.3977778,,,,,,,,,,,
동해,2014,부산광역시 ,남구 용호동,35.30944444,129.1225,,,,,,,,,,,
동해,2014,부산광역시 ,남구 용호동,35.35416667,129.1902778,,,,,,,,,,,
동해,2014,부산광역시 ,남구 용호동,35.33916667,129.1977778,,,,,,,,,,,
동해,2014,부산광역시 ,남구 용호동,35.37666667,129.1983333,,,,,,,,,,,
동해,2014,부산광역시 ,남구 용호동,35.37694444,129.2066667,,,,,,,,,,,
동해,2014,부산광역시 ,남구 용호동,35.3275,129.2255556,,,,,,,,,,,
동해,2014,부산광역시 ,남구 용호동,35.10055556,129.2413889,,,,,,,,,,,
동해,2014,부산광역시 ,남구 용호동,35.10972222,129.2580556,,,,,,,,,,,
동해,2014,부산광역시 ,남구 용호동,35.19638889,129.2588889,,,,,,,,,,,
동해,2014,부산광역시 ,남구 용호동,35.20222222,129.2752778,,,,,,,,,,,
동해,2014,부산광역시 ,남구 용호동,35.32,129.2883333,,,,,,,,,,,
동해,2014,부산광역시 ,남구 용호동,35.20416667,129.3125,,,,,,,,,,,
동해,2014,부산광역시 ,남구 용호동,35.28916667,129.3275,,,,,,,,,,,
동해,2014,부산광역시 ,남구 용호동,35.14805556,129.3338889,,,,,,,,,,,
서해,2014,경기도,안산시 단원구 육도,37.20916667,126.5736111,,,,,,,,,,,
서해,2014,경기도,안산시 단원구 육도,37.22333333,126.6336111,,,,,,,,,,,
서해,2014,경기도,안산시 단원구 육도,37.20916667,126.6791667,,,,,,,,,,,
서해,2014,경기도,안산시 단원구 육도,37.14916667,126.7102778,,,,,,,,,,,
서해,2014,경기도,안산시 단원구 육도,37.13944444,126.7108333,,,,,,,,,,,
서해,2014,경기도,안산시 단원구 육도,37.10194444,126.4505556,,,,,,,,,,,
서해,2014,경기도,안산시 단원구 육도,37.1,126.4516667,,,,,,,,,,,
서해,2014,경기도,안산시 단원구 육도,37.23833333,126.4516667,,,,,,,,,,,
서해,2014,경기도,안산시 단원구 육도,37.29583333,126.4547222,,,,,,,,,,,
서해,2014,경기도,안산시 단원구 육도,37.27583333,126.4558333,,,,,,,,,,,
서해,2014,경기도,안산시 단원구 육도,37.16194444,126.5136111,,,,,,,,,,,
서해,2014,경기도,안산시 단원구 육도,37.1125,126.5152778,,,,,,,,,,,
서해,2014,인천광역시,"옹진군 덕적면 덕적도
(1단지)",37.43583333,126.0902778,,,,,,,,,,,
서해,2014,인천광역시,"옹진군 덕적면 덕적도
(1단지)",37.35083333,126.1308333,,,,,,,,,,,
서해,2014,인천광역시,"옹진군 덕적면 덕적도
(1단지)",37.28472222,126.1336111,,,,,,,,,,,
서해,2014,인천광역시,"옹진군 덕적면 덕적도
(1단지)",37.255,126.1613889,,,,,,,,,,,
서해,2014,인천광역시,"옹진군 덕적면 덕적도
(1단지)",37.44833333,126.1936111,,,,,,,,,,,
서해,2014,인천광역시,"옹진군 덕적면 덕적도
(2단지)",37.38972222,126.3733333,,,,,,,,,,,
서해,2014,인천광역시,"옹진군 덕적면 덕적도
(2단지)",37.32805556,126.1525,,,,,,,,,,,
서해,2014,인천광역시,"옹진군 덕적면 덕적도
(2단지)",37.33972222,126.2397222,,,,,,,,,,,
서해,2014,인천광역시,"옹진군 덕적면 덕적도
(2단지)",37.40638889,126.2455556,,,,,,,,,,,
서해,2014,인천광역시,"옹진군 덕적면 덕적도
(2단지)",37.36416667,126.2822222,,,,,,,,,,,
남해,2014,경상남도,남해군 이동면 용소리,34.7875,128.0791667,,,,,,,,,,,
남해,2014,경상남도,남해군 이동면 용소리,34.98194444,127.9236111,,,,,,,,,,,
남해,2014,경상남도,남해군 이동면 용소리,34.78138889,128.1258333,,,,,,,,,,,
남해,2014,경상남도,남해군 이동면 용소리,34.76805556,128.0169444,,,,,,,,,,,
남해,2014,경상남도,남해군 이동면 용소리,34.85638889,128.0219444,,,,,,,,,,,
남해,2014,경상남도,통영시 욕지면 적도,34.78722222,128.4797222,,,,,,,,,,,
남해,2014,경상남도,통영시 욕지면 적도,34.86,128.3019444,,,,,,,,,,,
남해,2014,경상남도,통영시 욕지면 적도,34.89944444,128.5308333,,,,,,,,,,,
남해,2014,경상남도,통영시 욕지면 적도,34.73972222,128.3166667,,,,,,,,,,,
남해,2014,경상남도,통영시 욕지면 적도,34.90722222,128.3263889,,,,,,,,,,,
남해,2014,경상남도,통영시 욕지면 적도,34.76027778,128.3794444,,,,,,,,,,,
남해,2014,전라남도,무안군 운남면 성내리,35.16444444,126.5341667,,,,,,,,,,,
남해,2014,전라남도,무안군 운남면 성내리,35.12444444,126.5125,,,,,,,,,,,
남해,2014,전라남도,무안군 운남면 성내리,34.91972222,126.3905556,,,,,,,,,,,
남해,2014,전라남도,무안군 운남면 성내리,34.99416667,126.4052778,,,,,,,,,,,
남해,2014,전라남도,무안군 운남면 성내리,35.00527778,126.3955556,,,,,,,,,,,
남해,2014,전라남도,무안군 운남면 성내리,34.99583333,126.3761111,,,,,,,,,,,
남해,2014,전라남도,무안군 운남면 성내리,34.9375,126.3633333,,,,,,,,,,,
남해,2014,전라남도,무안군 운남면 성내리,35.1475,126.5002778,,,,,,,,,,,
남해,2014,전라남도,무안군 운남면 성내리,34.92027778,126.5613889,,,,,,,,,,,
남해,2014,전라남도,무안군 운남면 성내리,35.17388889,126.5330556,,,,,,,,,,,
남해,2014,전라남도,완도군 청산면 소모도,34.25472222,126.7608333,,,,,,,,,,,
남해,2014,전라남도,완도군 청산면 소모도,34.22888889,126.7647222,,,,,,,,,,,
남해,2014,전라남도,완도군 청산면 소모도,34.46916667,126.9366667,,,,,,,,,,,
남해,2014,전라남도,완도군 청산면 소모도,34.24944444,126.9836111,,,,,,,,,,,
남해,2014,전라남도,완도군 청산면 소모도,34.26472222,127.0180556,,,,,,,,,,,
남해,2014,전라남도,완도군 청산면 소모도,34.23972222,126.9397222,,,,,,,,,,,
남해,2014,전라남도,완도군 청산면 소모도,34.33777778,126.7858333,,,,,,,,,,,
남해,2014,전라남도,완도군 청산면 소모도,34.39611111,126.9758333,,,,,,,,,,,
남해,2014,전라남도,여수시 삼산면 초도,34.23555556,127.3391667,,,,,,,,,,,
남해,2014,여수시 삼산면,삼산_초도,34.37138889,127.3791667,,,,,,,,,,,
남해,2014,여수시 삼산면,삼산_초도,34.24416667,127.4363889,,,,,,,,,,,
남해,2014,여수시 삼산면,삼산_초도,34.25722222,127.3858333,,,,,,,,,,,
남해,2014,여수시 삼산면,삼산_초도,34.29472222,127.2788889,,,,,,,,,,,
남해,2014,여수시 삼산면,삼산_초도,34.3625,127.4108333,,,,,,,,,,,
남해,2014,여수시 삼산면,삼산_초도,34.23277778,127.4975,,,,,,,,,,,
남해,2014,여수시 삼산면,삼산_초도,34.44305556,127.5025,,,,,,,,,,,
제주,2014,제주도,제주시 조천읍 신흥리,33.73222222,126.6483333,,,,,,,,,,,
제주,2014,제주도,제주시 조천읍 신흥리,33.6325,126.7213889,,,,,,,,,,,
제주,2014,제주도,제주시 조천읍 신흥리,33.80888889,126.7297222,,,,,,,,,,,
제주,2014,제주도,제주시 조천읍 신흥리,33.56,126.7636111,,,,,,,,,,,
제주,2014,제주도,제주시 조천읍 신흥리,33.64555556,126.8102778,,,,,,,,,,,
제주,2014,제주도,제주시 조천읍 신흥리,33.73944444,126.6530556,,,,,,,,,,,
제주,2014,제주도,제주시 구좌읍 행원리,33.65138889,126.8102778,,,,,,,,,,,
제주,2014,제주도,제주시 구좌읍 행원리,33.57472222,127.0588889,,,,,,,,,,,
제주,2014,제주도,제주시 구좌읍 행원리,33.66833333,126.9441667,,,,,,,,,,,
제주,2014,제주도,제주시 구좌읍 행원리,33.69611111,126.9930556,,,,,,,,,,,
제주,2014,제주도,제주시 구좌읍 행원리,33.72111111,126.8369444,,,,,,,,,,,
제주,2014,제주도,제주시 구좌읍 행원리,33.57972222,126.8683333,,,,,,,,,,,
제주,2014,제주도,제주시 구좌읍 행원리,33.6975,126.9463889,,,,,,,,,,,
제주,2014,제주도,제주시 구좌읍 행원리,33.56722222,126.9983333,,,,,,,,,,,
제주,2014,제주도,서귀포시 보목동,33.40305556,126.67,,,,,,,,,,,
제주,2014,제주도,서귀포시 보목동,33.45416667,126.6744444,,,,,,,,,,,
제주,2014,제주도,서귀포시 보목동,33.28861111,126.8063889,,,,,,,,,,,
제주,2014,제주도,서귀포시 보목동,33.40472222,126.8341667,,,,,,,,,,,
제주,2014,제주도,서귀포시 보목동,33.39944444,126.6725,,,,,,,,,,,
제주,2014,제주도,서귀포시 보목동,33.34194444,126.6780556,,,,,,,,,,,
제주,2014,제주도,서귀포시 보목동,33.4675,126.6238889,,,,,,,,,,,
제주,2014,제주도,서귀포시 보목동,33.36055556,126.6238889,,,,,,,,,,,
제주,2014,제주도,서귀포시 보목동,33.23861111,126.8594444,,,,,,,,,,,
제주,2014,제주도,서귀포시 남원읍 남원리,33.32305556,126.8319444,,,,,,,,,,,
제주,2014,서귀포시 남원,서귀포시 남원읍 남원리,33.52388889,126.8369444,,,,,,,,,,,
제주,2014,서귀포시 남원,서귀포시 남원읍 남원리,33.34055556,126.8877778,,,,,,,,,,,
제주,2014,서귀포시 남원,서귀포시 남원읍 남원리,33.30222222,126.7613889,,,,,,,,,,,
제주,2014,서귀포시 남원,서귀포시 남원읍 남원리,33.47194444,126.9088889,,,,,,,,,,,
제주,2014,서귀포시 남원,서귀포시 남원읍 남원리,33.47111111,126.9230556,,,,,,,,,,,
제주,2014,서귀포시 남원,서귀포시 남원읍 남원리,33.37166667,126.7716667,,,,,,,,,,,
제주,2014,제주도,서귀포시 표선면 표선리,33.40861111,126.8241667,,,,,,,,,,,
제주,2014,서귀포시 표선,서귀포시 표선면 표선리,33.42916667,126.8266667,,,,,,,,,,,
제주,2014,서귀포시 표선,서귀포시 표선면 표선리,33.515,126.9497222,,,,,,,,,,,
제주,2014,서귀포시 표선,서귀포시 표선면 표선리,33.46583333,127.0822222,,,,,,,,,,,
제주,2014,서귀포시 표선,서귀포시 표선면 표선리,33.30472222,126.9263889,,,,,,,,,,,
제주,2014,서귀포시 표선,서귀포시 표선면 표선리,33.32027778,126.9955556,,,,,,,,,,,
제주,2014,서귀포시 표선,서귀포시 표선면 표선리,33.46361111,127.0269444,,,,,,,,,,,
제주,2014,서귀포시 표선,서귀포시 표선면 표선리,33.52611111,127.0494444,,,,,,,,,,,
제주,2014,서귀포시 표선,서귀포시 표선면 표선리,33.37166667,126.9016667,,,,,,,,,,,
제주,2014,서귀포시 표선,서귀포시 표선면 표선리,33.43138889,126.9252778,,,,,,,,,,,
동해,2015,강원도,강릉시 연곡면 영진리,38.06444444,128.865,,,,,,,,,,,
동해,2015,강원도,강릉시 연곡면 영진리,38.12861111,128.9702778,,,,,,,,,,,
동해,2015,강원도,강릉시 연곡면 영진리,38.105,129.0438889,,,,,,,,,,,
동해,2015,강원도,강릉시 연곡면 영진리,37.9025,129.0408333,,,,,,,,,,,
동해,2015,강원도,강릉시 연곡면 영진리,37.98416667,128.9133333,,,,,,,,,,,
동해,2015,강원도,동해시 대진동,37.75527778,129.2180556,,,,,,,,,,,
동해,2015,강원도,동해시 대진동,37.84305556,129.3188889,,,,,,,,,,,
동해,2015,강원도,동해시 대진동,37.81277778,129.1175,,,,,,,,,,,
동해,2015,강원도,동해시 대진동,37.65166667,129.1219444,,,,,,,,,,,
동해,2015,강원도,동해시 대진동,37.80333333,129.255,,,,,,,,,,,
동해,2015,강원도,동해시 대진동,37.68305556,129.2922222,,,,,,,,,,,
동해,2015,경상북도,영덕군 병곡면 백석2리,36.75694444,129.6363889,,,,,,,,,,,
동해,2015,경상북도,영덕군 병곡면 백석2리,36.75083333,129.6422222,,,,,,,,,,,
동해,2015,경상북도,영덕군 병곡면 백석2리,36.75388889,129.4175,,,,,,,,,,,
동해,2015,경상북도,영덕군 병곡면 백석2리,36.65861111,129.4213889,,,,,,,,,,,
동해,2015,경상북도,영덕군 병곡면 백석2리,36.65805556,129.4822222,,,,,,,,,,,
동해,2015,경상북도,포항시 남구 강사2리,36.26583333,129.7002778,,,,,,,,,,,
동해,2015,경상북도,포항시 남구 강사2리,36.31527778,129.7672222,,,,,,,,,,,
동해,2015,경상북도,포항시 남구 강사2리,36.25361111,129.8430556,,,,,,,,,,,
동해,2015,경상북도,포항시 남구 강사2리,36.25361111,129.5991667,,,,,,,,,,,
동해,2015,경상북도,포항시 남구 강사2리,36.25944444,129.6116667,,,,,,,,,,,
동해,2015,경상북도,"울릉군 북면 천부3, 4리",37.78861111,131.0658333,,,,,,,,,,,
동해,2015,경상북도,"울릉군 북면 천부3, 4리",37.785,131.0288889,,,,,,,,,,,
동해,2015,경상북도,"울릉군 북면 천부3, 4리",37.75638889,131.0283333,,,,,,,,,,,
동해,2015,경상북도,"울릉군 북면 천부3, 4리",37.71833333,131.0633333,,,,,,,,,,,
동해,2015,경상북도,"울릉군 북면 천부3, 4리",37.69416667,131.0480556,,,,,,,,,,,
동해,2015,경상북도,"울릉군 북면 천부3, 4리",37.68,131.0052778,,,,,,,,,,,
동해,2015,경상북도,"울릉군 북면 천부3, 4리",37.70916667,130.9486111,,,,,,,,,,,
동해,2015,경상북도,"울릉군 북면 천부3, 4리",37.71138889,130.9030556,,,,,,,,,,,
동해,2015,울산광역시 ,동구 일산동,35.75583333,129.4963889,,,,,,,,,,,
동해,2015,울산광역시 ,동구 일산동,35.65166667,129.5019444,,,,,,,,,,,
동해,2015,울산광역시 ,동구 일산동,35.71972222,129.5038889,,,,,,,,,,,
동해,2015,울산광역시 ,동구 일산동,35.68861111,129.5091667,,,,,,,,,,,
동해,2015,울산광역시 ,동구 일산동,35.51194444,129.5097222,,,,,,,,,,,
동해,2015,울산광역시 ,동구 일산동,35.50444444,129.51,,,,,,,,,,,
동해,2015,울산광역시 ,동구 일산동,35.48777778,129.5313889,,,,,,,,,,,
동해,2015,울산광역시 ,동구 일산동,35.495,129.5427778,,,,,,,,,,,
동해,2015,울산광역시 ,동구 일산동,35.58222222,129.5569444,,,,,,,,,,,
동해,2015,울산광역시 ,동구 일산동,35.72555556,129.5572222,,,,,,,,,,,
동해,2015,울산광역시 ,동구 일산동,35.68194444,129.5669444,,,,,,,,,,,
동해,2015,울산광역시 ,동구 일산동,35.69833333,129.5697222,,,,,,,,,,,
동해,2015,울산광역시 ,동구 일산동,35.73666667,129.5702778,,,,,,,,,,,
동해,2015,울산광역시 ,동구 일산동,35.68305556,129.5863889,,,,,,,,,,,
동해,2015,울산광역시 ,동구 일산동,35.55722222,129.5875,,,,,,,,,,,
동해,2015,울산광역시 ,동구 일산동,35.62,129.5966667,,,,,,,,,,,
동해,2015,울산광역시 ,동구 일산동,35.67361111,129.6113889,,,,,,,,,,,
동해,2015,울산광역시 ,동구 일산동,35.64111111,129.6116667,,,,,,,,,,,
동해,2015,울산광역시 ,동구 일산동,35.60111111,129.6211111,,,,,,,,,,,
동해,2015,울산광역시 ,동구 일산동,35.59777778,129.6475,,,,,,,,,,,
동해,2015,울산광역시 ,동구 일산동,35.60805556,129.6630556,,,,,,,,,,,
동해,2015,부산광역시,기장군 장안읍 월내리,35.395,129.2813889,,,,,,,,,,,
동해,2015,부산광역시,기장군 장안읍 월내리,35.39,129.2866667,,,,,,,,,,,
동해,2015,부산광역시,기장군 장안읍 월내리,35.42555556,129.3002778,,,,,,,,,,,
동해,2015,부산광역시,기장군 장안읍 월내리,35.34527778,129.3561111,,,,,,,,,,,
동해,2015,부산광역시,기장군 장안읍 월내리,35.45805556,129.2680556,,,,,,,,,,,
동해,2015,부산광역시,기장군 장안읍 월내리,35.4125,129.4113889,,,,,,,,,,,
동해,2015,부산광역시,기장군 장안읍 월내리,35.33194444,129.465,,,,,,,,,,,
동해,2015,부산광역시,기장군 장안읍 월내리,35.47972222,129.5127778,,,,,,,,,,,
동해,2015,부산광역시,기장군 장안읍 월내리,35.43833333,129.5225,,,,,,,,,,,
동해,2015,부산광역시,기장군 장안읍 길천리,35.41472222,129.5236111,,,,,,,,,,,
동해,2015,부산광역시,기장군 장안읍 길천리,35.395,129.2813889,,,,,,,,,,,
동해,2015,부산광역시,기장군 장안읍 길천리,35.39,129.2866667,,,,,,,,,,,
동해,2015,부산광역시,기장군 장안읍 길천리,35.31805556,129.3213889,,,,,,,,,,,
동해,2015,부산광역시,기장군 장안읍 길천리,35.31694444,129.3875,,,,,,,,,,,
동해,2015,부산광역시,기장군 장안읍 길천리,35.34555556,129.4330556,,,,,,,,,,,
동해,2015,부산광역시,기장군 장안읍 길천리,35.37138889,129.5069444,,,,,,,,,,,
동해,2015,부산광역시,기장군 장안읍 길천리,35.49388889,129.5091667,,,,,,,,,,,
동해,2015,부산광역시,기장군 장안읍 길천리,35.37694444,129.3269444,,,,,,,,,,,
동해,2015,부산광역시,기장군 장안읍 길천리,35.46805556,129.3311111,,,,,,,,,,,
동해,2015,부산광역시,기장군 장안읍 길천리,35.3975,129.2841667,,,,,,,,,,,
동해,2015,부산광역시,기장군 장안읍 길천리,35.41777778,129.3675,,,,,,,,,,,
서해,2015,인천광역시,옹진군 자월면 사승봉도,37.26027778,126.4377778,,,,,,,,,,,
서해,2015,인천광역시,옹진군 자월면 사승봉도,37.40944444,126.4594444,,,,,,,,,,,
서해,2015,인천광역시,옹진군 자월면 사승봉도,37.24972222,126.5375,,,,,,,,,,,
서해,2015,인천광역시,옹진군 자월면 사승봉도,37.15388889,126.2883333,,,,,,,,,,,
서해,2015,인천광역시,옹진군 대청면 대청도,38.03472222,124.6927778,,,,,,,,,,,
서해,2015,인천광역시,옹진군 대청면 대청도,38.00166667,124.9386111,,,,,,,,,,,
서해,2015,인천광역시,옹진군 대청면 대청도,37.87166667,124.8152778,,,,,,,,,,,
서해,2015,인천광역시,옹진군 대청면 대청도,37.90416667,124.7,,,,,,,,,,,
서해,2015,인천광역시,옹진군 대청면 대청도,37.92638889,124.7205556,,,,,,,,,,,
서해,2015,인천광역시,옹진군 대청면 대청도,37.90888889,124.9483333,,,,,,,,,,,
서해,2015,인천광역시,옹진군 대청면 대청도,37.86611111,124.7772222,,,,,,,,,,,
서해,2015,인천광역시,옹진군 대청면 대청도,37.8725,124.8130556,,,,,,,,,,,
서해,2015,충청남도,보령시 오천면 녹도리,36.28555556,126.4955556,,,,,,,,,,,
서해,2015,충청남도,보령시 오천면 녹도리,36.48722222,126.5094444,,,,,,,,,,,
서해,2015,충청남도,보령시 오천면 녹도리,36.28583333,126.4238889,,,,,,,,,,,
서해,2015,충청남도,보령시 오천면 녹도리,36.42277778,126.435,,,,,,,,,,,
서해,2015,충청남도,보령시 오천면 녹도리,36.34666667,126.4505556,,,,,,,,,,,
서해,2015,충청남도,보령시 오천면 녹도리,36.45083333,126.2866667,,,,,,,,,,,
서해,2015,충청남도,보령시 오천면 녹도리,36.49694444,126.3530556,,,,,,,,,,,
서해,2015,전라북도,부안군 위도면 위도,35.67527778,126.5038889,,,,,,,,,,,
서해,2015,전라북도,부안군 위도면 위도,35.70888889,126.2588889,,,,,,,,,,,
서해,2015,전라북도,부안군 위도면 위도,35.785,126.3177778,,,,,,,,,,,
서해,2015,전라북도,부안군 위도면 위도,35.82805556,126.3675,,,,,,,,,,,
남해,2015,경상남도,거제시 남부면 저구리,34.70638889,128.5844444,,,,,,,,,,,
남해,2015,경상남도,거제시 남부면 저구리,34.72388889,128.7536111,,,,,,,,,,,
남해,2015,경상남도,거제시 남부면 저구리,34.92444444,128.8263889,,,,,,,,,,,
남해,2015,경상남도,거제시 남부면 저구리,34.865,128.7366667,,,,,,,,,,,
남해,2015,경상남도,거제시 남부면 저구리,34.79,128.7930556,,,,,,,,,,,
남해,2015,경상남도,거제시 남부면 저구리,34.76916667,128.8488889,,,,,,,,,,,
남해,2015,경상남도,거제시 남부면 저구리,34.72388889,128.6158333,,,,,,,,,,,
남해,2015,경상남도,거제시 남부면 저구리,34.82722222,128.7625,,,,,,,,,,,
남해,2015,경상남도,거제시 남부면 저구리,34.79472222,128.8491667,,,,,,,,,,,
남해,2015,경상남도,거제시 남부면 저구리,34.79416667,128.6405556,,,,,,,,,,,
남해,2015,경상남도,거제시 남부면 저구리,34.76055556,128.7127778,,,,,,,,,,,
남해,2015,경상남도,사천시 신수동 신수도,34.92555556,128.0902778,,,,,,,,,,,
남해,2015,경상남도,사천시 신수동 신수도,35.08111111,128.1019444,,,,,,,,,,,
남해,2015,경상남도,사천시 신수동 신수도,34.92638889,128.0994444,,,,,,,,,,,
남해,2015,경상남도,사천시 신수동 신수도,35.08138889,128.105,,,,,,,,,,,
남해,2015,경상남도,고성군 회화면 당항리,35.25444444,128.5961111,,,,,,,,,,,
남해,2015,경상남도,고성군 회화면 당항리,35.21611111,128.3897222,,,,,,,,,,,
남해,2015,경상남도,고성군 회화면 당항리,35.21361111,128.3863889,,,,,,,,,,,
남해,2015,경상남도,고성군 회화면 당항리,35.14611111,128.4202778,,,,,,,,,,,
남해,2015,경상남도,고성군 회화면 당항리,35.16416667,128.6427778,,,,,,,,,,,
남해,2015,경상남도,고성군 회화면 당항리,35.13638889,128.6455556,,,,,,,,,,,
남해,2015,경상남도,고성군 회화면 당항리,35.21916667,128.6505556,,,,,,,,,,,
남해,2015,경상남도,고성군 회화면 당항리,35.18527778,128.6577778,,,,,,,,,,,
남해,2015,경상남도,고성군 회화면 당항리,35.19972222,128.4230556,,,,,,,,,,,
남해,2015,전라남도,여수시 남면 연도,34.65055556,127.7683333,,,,,,,,,,,
남해,2015,전라남도,여수시 남면 연도,34.52166667,127.9402778,,,,,,,,,,,
남해,2015,전라남도,여수시 남면 연도,34.51972222,127.9011111,,,,,,,,,,,
남해,2015,전라남도,여수시 남면 연도,34.65583333,127.8263889,,,,,,,,,,,
남해,2015,전라남도,고흥군 봉래면 외나로도B,34.58722222,127.5786111,,,,,,,,,,,
남해,2015,전라남도,고흥군 봉래면 외나로도B,34.48111111,127.6211111,,,,,,,,,,,
남해,2015,전라남도,고흥군 봉래면 외나로도B,34.65138889,127.7280556,,,,,,,,,,,
남해,2015,전라남도,고흥군 봉래면 외나로도B,34.51444444,127.5766667,,,,,,,,,,,
남해,2015,전라남도,고흥군 봉래면 외나로도B,34.58083333,127.5905556,,,,,,,,,,,
남해,2015,전라남도,고흥군 봉래면 외나로도B,34.66833333,127.6058333,,,,,,,,,,,
남해,2015,전라남도,고흥군 봉래면 외나로도B,34.685,127.6547222,,,,,,,,,,,
제주,2015,제주도,제주시 구좌읍 김녕리,33.82277778,126.8088889,,,,,,,,,,,
제주,2015,제주도,제주시 구좌읍 김녕리,33.75138889,126.8144444,,,,,,,,,,,
제주,2015,제주도,제주시 구좌읍 김녕리,33.67944444,126.84,,,,,,,,,,,
제주,2015,제주도,제주시 구좌읍 김녕리,33.63472222,126.9569444,,,,,,,,,,,
제주,2015,제주도,제주시 구좌읍 김녕리,33.58805556,126.9580556,,,,,,,,,,,
제주,2015,제주도,제주시 구좌읍 김녕리,33.80638889,126.9761111,,,,,,,,,,,
제주,2015,제주도,제주시 구좌읍 김녕리,33.72083333,126.8727778,,,,,,,,,,,
제주,2015,제주도,제주시 구좌읍 김녕리,33.745,126.9438889,,,,,,,,,,,
제주,2015,제주도,제주시 구좌읍 김녕리,33.78833333,126.9161111,,,,,,,,,,,
제주,2015,제주도,제주시 구좌읍 김녕리,33.68944444,126.9619444,,,,,,,,,,,
제주,2015,제주도,제주시 한림읍 비양리,33.47944444,126.2663889,,,,,,,,,,,
제주,2015,제주도,제주시 한림읍 비양리,33.40138889,126.2847222,,,,,,,,,,,
제주,2015,제주도,제주시 한림읍 비양리,33.41833333,126.3330556,,,,,,,,,,,
제주,2015,제주도,제주시 한림읍 비양리,33.63416667,126.3497222,,,,,,,,,,,
제주,2015,제주도,제주시 한림읍 비양리,33.58138889,126.4669444,,,,,,,,,,,
제주,2015,제주도,제주시 한림읍 비양리,33.41027778,126.3152778,,,,,,,,,,,
제주,2015,제주도,제주시 한림읍 비양리,33.54888889,126.4355556,,,,,,,,,,,
제주,2015,제주도,제주시 한림읍 비양리,33.50027778,126.2386111,,,,,,,,,,,
제주,2015,제주도,제주시 한림읍 비양리,33.65888889,126.4436111,,,,,,,,,,,
제주,2015,제주도,제주시 한림읍 비양리,33.66166667,126.2405556,,,,,,,,,,,
제주,2015,제주도,제주시 한림읍 비양리,33.50444444,126.3041667,,,,,,,,,,,
제주,2015,제주도,제주시 한림읍 비양리,33.58916667,126.3261111,,,,,,,,,,,
제주,2015,제주도,서귀포시 표선면 세화리,33.37583333,126.9688889,,,,,,,,,,,
제주,2015,제주도,서귀포시 표선면 세화리,33.31222222,126.8036111,,,,,,,,,,,
제주,2015,제주도,서귀포시 표선면 세화리,33.39694444,126.8986111,,,,,,,,,,,
제주,2015,제주도,서귀포시 표선면 세화리,33.40388889,127.0408333,,,,,,,,,,,
제주,2015,제주도,서귀포시 표선면 세화리,33.52,127.0763889,,,,,,,,,,,
제주,2015,제주도,서귀포시 표선면 세화리,33.53222222,126.9175,,,,,,,,,,,
제주,2015,제주도,서귀포시 남원읍 하례리,33.2775,126.7588889,,,,,,,,,,,
제주,2015,제주도,서귀포시 남원읍 하례리,33.37888889,126.7755556,,,,,,,,,,,
제주,2015,제주도,서귀포시 남원읍 하례리,33.25777778,126.8405556,,,,,,,,,,,
제주,2015,제주도,서귀포시 남원읍 하례리,33.36138889,126.6619444,,,,,,,,,,,
제주,2015,제주도,서귀포시 남원읍 하례리,33.27083333,126.7794444,,,,,,,,,,,
제주,2015,제주도,서귀포시 남원읍 하례리,33.37694444,126.8830556,,,,,,,,,,,
동해,2016,강원도,고성군 토성면 교암리,38.41777778,128.7622222,,,,,,,,,,,
동해,2016,강원도,고성군 토성면 교암리,38.34527778,128.5588889,,,,,,,,,,,
동해,2016,강원도,고성군 토성면 교암리,38.49638889,128.5505556,,,,,,,,,,,
동해,2016,강원도,고성군 토성면 교암리,38.34833333,128.5675,,,,,,,,,,,
동해,2016,강원도,고성군 토성면 교암리,38.52666667,128.595,,,,,,,,,,,
동해,2016,강원도,고성군 토성면 교암리,38.54333333,128.595,,,,,,,,,,,
동해,2016,강원도,고성군 토성면 교암리,38.385,128.7316667,,,,,,,,,,,
동해,2016,강원도,고성군 토성면 교암리,38.47888889,128.7813889,,,,,,,,,,,
동해,2016,강원도,속초시 교동,38.30666667,128.7069444,,,,,,,,,,,
동해,2016,강원도,속초시 교동,38.21805556,128.8502778,,,,,,,,,,,
동해,2016,강원도,속초시 교동,38.43472222,128.6241667,,,,,,,,,,,
동해,2016,강원도,속초시 교동,38.25055556,128.6172222,,,,,,,,,,,
동해,2016,강원도,속초시 교동,38.20944444,128.6258333,,,,,,,,,,,
동해,2016,강원도,양양군 강현면 전진2리,38.30861111,128.8347222,,,,,,,,,,,
동해,2016,강원도,양양군 강현면 전진2리,38.31777778,128.855,,,,,,,,,,,
동해,2016,강원도,양양군 강현면 전진2리,38.24333333,128.6422222,,,,,,,,,,,
동해,2016,강원도,양양군 강현면 전진2리,38.1175,128.8730556,,,,,,,,,,,
동해,2016,강원도,양양군 강현면 전진2리,38.23805556,128.66,,,,,,,,,,,
동해,2016,강원도,양양군 강현면 전진2리,38.20083333,128.66,,,,,,,,,,,
동해,2016,강원도,양양군 강현면 전진2리,38.11694444,128.6655556,,,,,,,,,,,
동해,2016,강원도,양양군 강현면 전진2리,38.15083333,128.7322222,,,,,,,,,,,
동해,2016,강원도,"양양군 현남면 남애1, 2리",37.95194444,128.9363889,,,,,,,,,,,
동해,2016,강원도,"양양군 현남면 남애1, 2리",38.01861111,129.0236111,,,,,,,,,,,
동해,2016,강원도,"양양군 현남면 남애1, 2리",38.13166667,128.8447222,,,,,,,,,,,
동해,2016,강원도,"양양군 현남면 남애1, 2리",38.045,128.8711111,,,,,,,,,,,
동해,2016,강원도,"양양군 현남면 남애1, 2리",38.18138889,128.8741667,,,,,,,,,,,
동해,2016,강원도,"양양군 현남면 남애1, 2리",38.09333333,128.9263889,,,,,,,,,,,
동해,2016,강원도,"양양군 현남면 남애1, 2리",38.10805556,128.9313889,,,,,,,,,,,
동해,2016,강원도,"양양군 현남면 남애1, 2리",38.03472222,128.8297222,,,,,,,,,,,
동해,2016,강원도,"양양군 현남면 남애1, 2리",37.93,128.9613889,,,,,,,,,,,
동해,2016,경상북도,포항시 북구 오도2리,36.19138889,129.4352778,,,,,,,,,,,
동해,2016,경상북도,포항시 북구 오도2리,36.20111111,129.4352778,,,,,,,,,,,
동해,2016,경상북도,포항시 북구 오도2리,36.15305556,129.4419444,,,,,,,,,,,
동해,2016,경상북도,포항시 북구 오도2리,36.18222222,129.4511111,,,,,,,,,,,
동해,2016,경상북도,포항시 북구 오도2리,36.19138889,129.4522222,,,,,,,,,,,
동해,2016,경상북도,포항시 북구 오도2리,36.19138889,129.4691667,,,,,,,,,,,
동해,2016,경상북도,포항시 북구 오도2리,36.20111111,129.4691667,,,,,,,,,,,
동해,2016,경상북도,경주시 감포읍 연동리,35.92527778,129.6591667,,,,,,,,,,,
동해,2016,경상북도,경주시 감포읍 연동리,35.92055556,129.6597222,,,,,,,,,,,
동해,2016,경상북도,경주시 감포읍 연동리,35.91166667,129.5019444,,,,,,,,,,,
동해,2016,경상북도,경주시 감포읍 연동리,35.83388889,129.7405556,,,,,,,,,,,
동해,2016,경상북도,경주시 감포읍 연동리,36.05111111,129.7572222,,,,,,,,,,,
동해,2016,경상북도,경주시 감포읍 연동리,35.97722222,129.5386111,,,,,,,,,,,
동해,2016,경상북도,경주시 감포읍 연동리,35.98166667,129.5702778,,,,,,,,,,,
동해,2016,경상북도,경주시 감포읍 연동리,35.89194444,129.6375,,,,,,,,,,,
동해,2016,경상북도,포항시 남구 석병2리,36.27888889,129.7575,,,,,,,,,,,
동해,2016,경상북도,포항시 남구 석병2리,36.03694444,129.8341667,,,,,,,,,,,
동해,2016,경상북도,포항시 남구 석병2리,36.05583333,129.5847222,,,,,,,,,,,
동해,2016,경상북도,포항시 남구 석병2리,36.04388889,129.6241667,,,,,,,,,,,
동해,2016,경상북도,울진군 매화면 덕신리,36.89694444,129.4783333,,,,,,,,,,,
동해,2016,경상북도,울진군 매화면 덕신리,36.89694444,129.5008333,,,,,,,,,,,
동해,2016,경상북도,울진군 매화면 덕신리,36.94861111,129.5072222,,,,,,,,,,,
동해,2016,경상북도,울진군 매화면 덕신리,36.95722222,129.6088889,,,,,,,,,,,
동해,2016,경상북도,울진군 매화면 덕신리,36.99277778,129.5119444,,,,,,,,,,,
동해,2016,경상북도,울진군 매화면 덕신리,37.01722222,129.5794444,,,,,,,,,,,
동해,2016,경상북도,포항시 북구 오도1리,36.37,129.4458333,,,,,,,,,,,
동해,2016,경상북도,포항시 북구 오도1리,36.42416667,129.4486111,,,,,,,,,,,
동해,2016,경상북도,포항시 북구 오도1리,36.39555556,129.4883333,,,,,,,,,,,
동해,2016,경상북도,포항시 북구 오도1리,36.34083333,129.4911111,,,,,,,,,,,
동해,2016,경상북도,울진군 기성면 기성리,37.00972222,129.5688889,,,,,,,,,,,
동해,2016,경상북도,울진군 기성면 기성리,36.94055556,129.57,,,,,,,,,,,
동해,2016,경상북도,울진군 기성면 기성리,37.02055556,129.59,,,,,,,,,,,
동해,2016,경상북도,울진군 기성면 기성리,36.95805556,129.6902778,,,,,,,,,,,
동해,2016,경상북도,울진군 기성면 기성리,37.04222222,129.6958333,,,,,,,,,,,
동해,2016,경상북도,울진군 북면 고포리,37.3325,129.6177778,,,,,,,,,,,
동해,2016,경상북도,울진군 북면 고포리,37.2475,129.3747222,,,,,,,,,,,
동해,2016,경상북도,울진군 북면 고포리,37.18277778,129.4325,,,,,,,,,,,
동해,2016,경상북도,울진군 북면 고포리,37.37166667,129.4486111,,,,,,,,,,,
동해,2016,경상북도,울진군 북면 고포리,37.18111111,129.4530556,,,,,,,,,,,
동해,2016,경상북도,울진군 북면 고포리,37.17138889,129.5061111,,,,,,,,,,,
동해,2016,경상북도,울진군 북면 나곡리,37.17138889,129.4633333,,,,,,,,,,,
동해,2016,경상북도,울진군 북면 나곡리,37.18777778,129.3816667,,,,,,,,,,,
동해,2016,경상북도,울진군 북면 나곡리,37.17416667,129.5302778,,,,,,,,,,,
동해,2016,경상북도,울진군 북면 나곡리,37.21527778,129.5763889,,,,,,,,,,,
동해,2016,경상북도,울진군 북면 나곡리,37.1925,129.5066667,,,,,,,,,,,
동해,2016,울산광역시,북구 구유동 판지,35.835,129.4988889,,,,,,,,,,,
동해,2016,울산광역시,북구 구유동 판지,35.86333333,129.5244444,,,,,,,,,,,
동해,2016,울산광역시,북구 구유동 판지,35.75055556,129.5758333,,,,,,,,,,,
동해,2016,울산광역시,북구 구유동 판지,35.86916667,129.5955556,,,,,,,,,,,
동해,2016,울산광역시,북구 구유동 판지,35.80138889,129.6463889,,,,,,,,,,,
동해,2016,부산광역시,기장군 일광면 이천리,35.33361111,129.4580556,,,,,,,,,,,
동해,2016,부산광역시,기장군 일광면 이천리,35.35388889,129.4580556,,,,,,,,,,,
동해,2016,부산광역시,기장군 일광면 이천리,35.30111111,129.3063889,,,,,,,,,,,
동해,2016,부산광역시,기장군 일광면 이천리,35.3375,129.3288889,,,,,,,,,,,
동해,2016,부산광역시,기장군 일광면 이천리,35.41305556,129.3433333,,,,,,,,,,,
동해,2016,부산광역시,기장군 일광면 이천리,35.36833333,129.3661111,,,,,,,,,,,
동해,2016,부산광역시,기장군 일광면 이천리,35.4125,129.3933333,,,,,,,,,,,
동해,2016,부산광역시,기장군 일광면 이천리,35.46138889,129.3455556,,,,,,,,,,,
동해,2016,부산광역시,기장군 일광면 이천리,35.49527778,129.3455556,,,,,,,,,,,
동해,2016,부산광역시,기장군 일광면 이천리,35.47388889,129.3658333,,,,,,,,,,,
동해,2016,부산광역시,기장군 일광면 이천리,35.47388889,129.4180556,,,,,,,,,,,
동해,2016,부산광역시,기장군 일광면 이천리,35.4825,129.2525,,,,,,,,,,,
동해,2016,부산광역시,기장군 일광면 이천리,35.52083333,129.4408333,,,,,,,,,,,
동해,2016,부산광역시,기장군 일광면 이천리,35.305,129.4475,,,,,,,,,,,
동해,2016,부산광역시,기장군 일광면 이천리,35.29333333,129.4630556,,,,,,,,,,,
동해,2016,부산광역시,기장군 일광면 동백리,35.45583333,129.4241667,,,,,,,,,,,
동해,2016,부산광역시,기장군 일광면 동백리,35.46083333,129.4383333,,,,,,,,,,,
동해,2016,부산광역시,기장군 일광면 동백리,35.28972222,129.4808333,,,,,,,,,,,
동해,2016,부산광역시,기장군 일광면 동백리,35.46611111,129.4838889,,,,,,,,,,,
서해,2016,충청남도,보령시 오천면 횡견도,36.34861111,126.2005556,,,,,,,,,,,
서해,2016,충청남도,보령시 오천면 횡견도,36.36194444,126.2469444,,,,,,,,,,,
서해,2016,충청남도,보령시 오천면 횡견도,36.31444444,126.2858333,,,,,,,,,,,
서해,2016,충청남도,보령시 오천면 횡견도,36.27666667,126.1069444,,,,,,,,,,,
서해,2016,충청남도,보령시 오천면 횡견도,36.44083333,126.1105556,,,,,,,,,,,
서해,2016,충청남도,보령시 오천면 횡견도,36.45166667,126.0438889,,,,,,,,,,,
남해,2016,경상남도,통영시 산양면 연대도,34.80944444,128.5780556,,,,,,,,,,,
남해,2016,경상남도,통영시 산양면 연대도,34.78083333,128.5794444,,,,,,,,,,,
남해,2016,경상남도,통영시 산양면 연대도,34.81777778,128.39,,,,,,,,,,,
남해,2016,경상남도,통영시 산양면 연대도,34.82416667,128.5347222,,,,,,,,,,,
남해,2016,경상남도,통영시 산양면 연대도,34.74388889,128.6063889,,,,,,,,,,,
남해,2016,경상남도,통영시 산양면 연대도,34.80583333,128.6155556,,,,,,,,,,,
남해,2016,경상남도,통영시 산양면 연대도,34.87527778,128.6566667,,,,,,,,,,,
남해,2016,경상남도,통영시 산양면 연대도,34.92138889,128.4136111,,,,,,,,,,,
남해,2016,경상남도,통영시 산양면 연대도,34.92833333,128.4186111,,,,,,,,,,,
남해,2016,경상남도,통영시 산양면 연대도,34.82111111,128.4225,,,,,,,,,,,
남해,2016,경상남도,통영시 산양면 연대도,34.7675,128.49,,,,,,,,,,,
남해,2016,경상남도,통영시 산양면 연대도,34.80305556,128.5152778,,,,,,,,,,,
남해,2016,전라남도,완도군 금일읍 충도,34.45527778,127.0525,,,,,,,,,,,
남해,2016,전라남도,완도군 금일읍 충도,34.41777778,127.1063889,,,,,,,,,,,
남해,2016,전라남도,완도군 금일읍 충도,34.4375,127.1263889,,,,,,,,,,,
남해,2016,전라남도,완도군 금일읍 충도,34.60527778,127.1438889,,,,,,,,,,,
남해,2016,전라남도,완도군 금일읍 충도,34.50972222,127.1663889,,,,,,,,,,,
남해,2016,전라남도,완도군 금일읍 충도,34.57333333,127.2183333,,,,,,,,,,,
남해,2016,전라남도,완도군 금일읍 충도,34.62611111,127.2705556,,,,,,,,,,,
남해,2016,전라남도,완도군 금일읍 충도,34.54888889,127.2713889,,,,,,,,,,,
남해,2016,전라남도,완도군 금일읍 충도,34.45333333,127.2938889,,,,,,,,,,,
남해,2016,전라남도,완도군 금일읍 충도,34.54,127.1708333,,,,,,,,,,,
남해,2016,전라남도,완도군 금일읍 충도,34.57555556,127.1741667,,,,,,,,,,,
남해,2016,전라남도,완도군 금일읍 충도,34.38472222,127.18,,,,,,,,,,,
남해,2016,전라남도,완도군 금일읍 충도,34.5525,127.2433333,,,,,,,,,,,
남해,2016,전라남도,완도군 금일읍 충도,34.52722222,127.2477778,,,,,,,,,,,
남해,2016,전라남도,여수시 오천동,35.01055556,127.8547222,,,,,,,,,,,
남해,2016,전라남도,여수시 오천동,34.97,127.8933333,,,,,,,,,,,
남해,2016,전라남도,여수시 오천동,34.81138889,127.8988889,,,,,,,,,,,
남해,2016,전라남도,여수시 오천동,34.80083333,127.7686111,,,,,,,,,,,
남해,2016,전라남도,여수시 오천동,34.82361111,127.9661111,,,,,,,,,,,
남해,2016,전라남도,여수시 오천동,34.82083333,127.9930556,,,,,,,,,,,
남해,2016,전라남도,여수시 오천동,34.99027778,128.0127778,,,,,,,,,,,
남해,2016,전라남도,여수시 오천동,35.04861111,128.0197222,,,,,,,,,,,
제주,2016,제주도,제주시 조천읍 조천리,33.65583333,126.8005556,,,,,,,,,,,
제주,2016,제주도,제주시 조천읍 조천리,33.74222222,126.8063889,,,,,,,,,,,
제주,2016,제주도,제주시 조천읍 조천리,33.65527778,126.6963889,,,,,,,,,,,
제주,2016,제주도,제주시 조천읍 조천리,33.5625,126.7594444,,,,,,,,,,,
제주,2016,제주도,제주시 구좌읍 하도리,33.55027778,127.0419444,,,,,,,,,,,
제주,2016,제주도,제주시 구좌읍 하도리,33.53194444,126.8708333,,,,,,,,,,,
제주,2016,제주도,제주시 구좌읍 하도리,33.65916667,127.0825,,,,,,,,,,,
제주,2016,제주도,제주시 구좌읍 하도리,33.65777778,126.8730556,,,,,,,,,,,
제주,2016,제주도,제주시 구좌읍 하도리,33.685,126.8877778,,,,,,,,,,,
제주,2016,제주도,제주시 구좌읍 하도리,33.54027778,127.0255556,,,,,,,,,,,
제주,2016,제주도,제주시 구좌읍 하도리,33.70722222,127.1422222,,,,,,,,,,,
제주,2016,제주도,제주시 구좌읍 하도리,33.50166667,127.1519444,,,,,,,,,,,
제주,2016,제주도,제주시 구좌읍 하도리,33.52388889,126.9013889,,,,,,,,,,,
제주,2016,제주도,제주시 구좌읍 하도리,33.72083333,127.0172222,,,,,,,,,,,
제주,2016,제주도,제주시 구좌읍 하도리,33.535,126.9219444,,,,,,,,,,,
제주,2016,제주도,제주시 구좌읍 하도리,33.51888889,127.1205556,,,,,,,,,,,
제주,2016,제주도,제주시 구좌읍 하도리,33.63583333,127.1627778,,,,,,,,,,,
제주,2016,제주도,제주시 애월읍 신엄리,33.70416667,126.5747222,,,,,,,,,,,
제주,2016,제주도,제주시 애월읍 신엄리,33.57666667,126.3808333,,,,,,,,,,,
제주,2016,제주도,제주시 애월읍 신엄리,33.63583333,126.4019444,,,,,,,,,,,
제주,2016,제주도,제주시 애월읍 신엄리,33.51,126.4175,,,,,,,,,,,
제주,2016,제주도,제주시 애월읍 신엄리,33.67888889,126.4969444,,,,,,,,,,,
제주,2016,제주도,제주시 애월읍 신엄리,33.66083333,126.3797222,,,,,,,,,,,
제주,2016,제주도,제주시 애월읍 신엄리,33.68,126.3730556,,,,,,,,,,,
제주,2016,제주도,제주시 구좌읍 한동리,33.79416667,127.0044444,,,,,,,,,,,
제주,2016,제주도,제주시 구좌읍 한동리,33.565,126.9563889,,,,,,,,,,,
제주,2016,제주도,제주시 구좌읍 한동리,33.56722222,127.0180556,,,,,,,,,,,
제주,2016,제주도,제주시 구좌읍 한동리,33.60388889,126.8652778,,,,,,,,,,,
제주,2016,제주도,제주시 구좌읍 한동리,33.59861111,126.9272222,,,,,,,,,,,
제주,2016,제주도,서귀포시 남원읍 위미1리,33.29472222,126.9058333,,,,,,,,,,,
제주,2016,제주도,서귀포시 남원읍 위미1리,33.40305556,126.6511111,,,,,,,,,,,
제주,2016,제주도,서귀포시 남원읍 위미1리,33.31583333,126.6961111,,,,,,,,,,,
제주,2016,제주도,서귀포시 남원읍 위미1리,33.31861111,126.7855556,,,,,,,,,,,
제주,2016,제주도,서귀포시 남원읍 위미1리,33.35861111,126.8005556,,,,,,,,,,,
제주,2016,제주도,서귀포시 남원읍 위미1리,33.45305556,126.8275,,,,,,,,,,,
제주,2016,제주도,서귀포시 남원읍 위미1리,33.27805556,126.6708333,,,,,,,,,,,
동해,2017,강원도,고성군 거진읍 반암리,38.60083333,128.5544444,,,,,,,,,,,
동해,2017,강원도,고성군 거진읍 반암리,38.44277778,128.4711111,,,,,,,,,,,
동해,2017,강원도,고성군 거진읍 반암리,38.69138889,128.5105556,,,,,,,,,,,
동해,2017,강원도,고성군 거진읍 반암리,38.60083333,128.5105556,,,,,,,,,,,
동해,2017,강원도,양양군 손양면 수산리,38.12027778,128.6680556,,,,,,,,,,,
동해,2017,강원도,양양군 손양면 수산리,38.17333333,128.8475,,,,,,,,,,,
동해,2017,강원도,양양군 손양면 수산리,38.17333333,128.6902778,,,,,,,,,,,
동해,2017,강원도,양양군 손양면 수산리,38.12055556,128.6902778,,,,,,,,,,,
동해,2017,강원도,양양군 손양면 오산리,38.1,128.7763889,,,,,,,,,,,
동해,2017,강원도,양양군 손양면 오산리,38.18527778,128.8938889,,,,,,,,,,,
동해,2017,강원도,양양군 손양면 오산리,38.09027778,128.7605556,,,,,,,,,,,
동해,2017,강원도,양양군 손양면 오산리,38.29972222,128.6680556,,,,,,,,,,,
동해,2017,강원도,양양군 손양면 오산리,38.09027778,128.6680556,,,,,,,,,,,
동해,2017,경상북도,영덕군 남정면 부흥리,36.29027778,129.3680556,,,,,,,,,,,
동해,2017,경상북도,영덕군 남정면 부흥리,36.38277778,129.5058333,,,,,,,,,,,
동해,2017,경상북도,영덕군 남정면 부흥리,36.3,129.5844444,,,,,,,,,,,
동해,2017,경상북도,영덕군 남정면 부흥리,36.29027778,129.3847222,,,,,,,,,,,
동해,2017,경상북도,영덕군 남정면 부흥리,36.3,129.3847222,,,,,,,,,,,
동해,2017,경상북도,포항시 남구 장길리,35.95,129.6991667,,,,,,,,,,,
동해,2017,경상북도,포항시 남구 장길리,36.16138889,129.8033333,,,,,,,,,,,
동해,2017,경상북도,포항시 남구 장길리,35.95916667,129.6580556,,,,,,,,,,,
동해,2017,경상북도,포항시 남구 장길리,36.16027778,129.7077778,,,,,,,,,,,
동해,2017,경상북도,포항시 남구 영암1리,36.10527778,129.6566667,,,,,,,,,,,
동해,2017,경상북도,포항시 남구 영암1리,35.9,129.5413889,,,,,,,,,,,
동해,2017,경상북도,포항시 남구 영암1리,35.92083333,129.5402778,,,,,,,,,,,
동해,2017,경상북도,포항시 남구 영암1리,36.16055556,129.6711111,,,,,,,,,,,
동해,2017,경상북도,경주시 감포읍 나정2리,35.95111111,129.6677778,,,,,,,,,,,
동해,2017,경상북도,경주시 감포읍 나정2리,35.90472222,129.6894444,,,,,,,,,,,
동해,2017,경상북도,경주시 감포읍 나정2리,35.77083333,129.5313889,,,,,,,,,,,
동해,2017,경상북도,경주시 감포읍 나정2리,35.90444444,129.5680556,,,,,,,,,,,
서해,2017,인천광역시,"옹진군 백령면 백령도
(연화리)",38.13777778,124.6283333,,,,,,,,,,,
서해,2017,인천광역시,"옹진군 백령면 백령도
(연화리)",38.15583333,124.7030556,,,,,,,,,,,
서해,2017,인천광역시,"옹진군 백령면 백령도
(연화리)",38.08361111,124.7072222,,,,,,,,,,,
서해,2017,충청남도,"태안군 근흥면 도황리
(1단지)",36.81416667,126.22,,,,,,,,,,,
서해,2017,충청남도,"태안군 근흥면 도황리
(1단지)",36.81361111,126.2191667,,,,,,,,,,,
서해,2017,충청남도,"태안군 근흥면 도황리
(1단지)",36.81166667,126.2211111,,,,,,,,,,,
서해,2017,충청남도,"태안군 근흥면 도황리
(1단지)",36.81222222,126.2219444,,,,,,,,,,,
서해,2017,충청남도,"태안군 근흥면 도황리
(2단지)",36.8175,126.4575,,,,,,,,,,,
서해,2017,충청남도,"태안군 근흥면 도황리
(2단지)",36.81361111,126.4588889,,,,,,,,,,,
서해,2017,충청남도,"태안군 근흥면 도황리
(2단지)",36.69638889,126.46,,,,,,,,,,,
서해,2017,충청남도,"태안군 근흥면 도황리
(2단지)",36.8175,126.4586111,,,,,,,,,,,
서해,2017,충청남도,"태안군 근흥면 도황리
(3단지)",36.82,126.4533333,,,,,,,,,,,
서해,2017,충청남도,"태안군 근흥면 도황리
(3단지)",36.81888889,126.4530556,,,,,,,,,,,
서해,2017,충청남도,"태안군 근흥면 도황리
(3단지)",36.81805556,126.4563889,,,,,,,,,,,
서해,2017,충청남도,"태안군 근흥면 도황리
(3단지)",36.81888889,126.4566667,,,,,,,,,,,
남해,2017,경상남도,거제시 일운면 구조라?망치리,34.80083333,128.6680556,,,,,,,,,,,
남해,2017,경상남도,거제시 일운면 구조라?망치리,34.82083333,128.8063889,,,,,,,,,,,
남해,2017,경상남도,거제시 일운면 구조라?망치리,35.00805556,128.8502778,,,,,,,,,,,
남해,2017,경상남도,거제시 일운면 구조라?망치리,34.80027778,128.6902778,,,,,,,,,,,
남해,2017,경상남도,거제시 일운면 구조라?망치리,34.96305556,128.6902778,,,,,,,,,,,
남해,2017,경상남도,남해군 미조면 송정?금포?천하,34.83805556,128.2088889,,,,,,,,,,,
남해,2017,경상남도,남해군 미조면 송정?금포?천하,34.90805556,128.2091667,,,,,,,,,,,
남해,2017,경상남도,남해군 미조면 송정?금포?천하,34.84416667,128.2463889,,,,,,,,,,,
남해,2017,경상남도,남해군 미조면 송정?금포?천하,34.82805556,128.0875,,,,,,,,,,,
남해,2017,경상남도,남해군 미조면 송정?금포?천하,34.81027778,128.1269444,,,,,,,,,,,
남해,2017,경상남도,남해군 미조면 송정?금포?천하,34.90916667,128.1377778,,,,,,,,,,,
남해,2017,경상남도,남해군 미조면 송정?금포?천하,34.95888889,128.1538889,,,,,,,,,,,
남해,2017,경상남도,남해군 미조면 송정?금포?천하,34.78527778,128.1561111,,,,,,,,,,,
남해,2017,전라남도,여수시 삼산면 손죽도,34.56083333,127.6105556,,,,,,,,,,,
남해,2017,전라남도,여수시 삼산면 손죽도,34.4225,127.6108333,,,,,,,,,,,
남해,2017,전라남도,여수시 삼산면 손죽도,34.47694444,127.3797222,,,,,,,,,,,
남해,2017,전라남도,여수시 삼산면 손죽도,34.43527778,127.4102778,,,,,,,,,,,
남해,2017,전라남도,여수시 삼산면 손죽도,34.35416667,127.4158333,,,,,,,,,,,
남해,2017,전라남도,여수시 삼산면 손죽도,34.40916667,127.5358333,,,,,,,,,,,
남해,2017,전라남도,여수시 삼산면 손죽도,34.35416667,127.5436111,,,,,,,,,,,
남해,2017,전라남도,여수시 삼산면 손죽도,34.55972222,127.3708333,,,,,,,,,,,
남해,2017,전라남도,여수시 삼산면 손죽도,34.4325,127.5586111,,,,,,,,,,,
남해,2017,전라남도,여수시 남면 안도리,34.50138889,128.0088889,,,,,,,,,,,
남해,2017,전라남도,여수시 남면 안도리,34.72333333,128.0088889,,,,,,,,,,,
남해,2017,전라남도,여수시 남면 안도리,34.61611111,128.015,,,,,,,,,,,
남해,2017,전라남도,여수시 남면 안도리,34.58166667,128.0366667,,,,,,,,,,,
남해,2017,전라남도,여수시 남면 안도리,34.64472222,128.0386111,,,,,,,,,,,
남해,2017,전라남도,여수시 남면 안도리,34.70305556,127.8625,,,,,,,,,,,
남해,2017,전라남도,여수시 남면 안도리,34.50138889,127.8661111,,,,,,,,,,,
남해,2017,전라남도,여수시 남면 안도리,34.56805556,127.8752778,,,,,,,,,,,
남해,2017,전라남도,여수시 남면 안도리,34.49027778,127.8797222,,,,,,,,,,,
남해,2017,전라남도,여수시 남면 안도리,34.70527778,127.8911111,,,,,,,,,,,
남해,2017,전라남도,여수시 남면 안도리,34.6775,127.9080556,,,,,,,,,,,
남해,2017,전라남도,여수시 남면 안도리,34.55222222,127.9552778,,,,,,,,,,,
남해,2017,전라남도,여수시 남면 안도리,34.5,127.9552778,,,,,,,,,,,
남해,2017,전라남도,여수시 남면 안도리,34.74527778,127.9552778,,,,,,,,,,,
남해,2017,전라남도,여수시 남면 안도리,34.48527778,127.9552778,,,,,,,,,,,
제주,2017,제주도,제주시 구좌읍 월정리,33.79,126.9155556,,,,,,,,,,,
제주,2017,제주도,제주시 구좌읍 월정리,33.78,126.9575,,,,,,,,,,,
제주,2017,제주도,제주시 구좌읍 월정리,33.68166667,126.9616667,,,,,,,,,,,
제주,2017,제주도,제주시 구좌읍 월정리,33.57722222,126.7841667,,,,,,,,,,,
제주,2017,제주도,제주시 구좌읍 월정리,33.73083333,126.8713889,,,,,,,,,,,
제주,2017,제주도,제주시 구좌읍 월정리,33.81888889,126.8011111,,,,,,,,,,,
제주,2017,제주도,제주시 구좌읍 월정리,33.82416667,127.0394444,,,,,,,,,,,
제주,2017,제주도,제주시 구좌읍 월정리,33.63944444,127.0522222,,,,,,,,,,,
제주,2017,제주도,제주시 한경면 두모리,33.40388889,126.2116667,,,,,,,,,,,
제주,2017,제주도,제주시 한경면 두모리,33.37666667,126.3291667,,,,,,,,,,,
제주,2017,제주도,제주시 한경면 두모리,33.42138889,126.2911111,,,,,,,,,,,
제주,2017,제주도,제주시 한경면 두모리,33.3825,126.3458333,,,,,,,,,,,
제주,2017,제주도,서귀포시 남원읍 위미2리,33.51361111,126.8436111,,,,,,,,,,,
제주,2017,제주도,서귀포시 남원읍 위미2리,33.49111111,126.8455556,,,,,,,,,,,
제주,2017,제주도,서귀포시 남원읍 위미2리,33.27611111,126.7247222,,,,,,,,,,,
제주,2017,제주도,서귀포시 남원읍 위미2리,33.25222222,126.8905556,,,,,,,,,,,
제주,2017,제주도,서귀포시 남원읍 위미2리,33.26916667,126.8386111,,,,,,,,,,,
제주,2017,제주도,서귀포시 성산읍 성산리,33.54055556,126.9580556,,,,,,,,,,,
제주,2017,제주도,서귀포시 성산읍 성산리,33.58222222,126.9761111,,,,,,,,,,,
제주,2017,제주도,서귀포시 성산읍 성산리,33.58305556,126.9813889,,,,,,,,,,,
제주,2017,제주도,서귀포시 성산읍 성산리,33.72194444,127.0452778,,,,,,,,,,,
제주,2017,제주도,서귀포시 성산읍 성산리,33.46861111,127.0672222,,,,,,,,,,,
제주,2017,제주도,서귀포시 성산읍 성산리,33.50222222,127.1163889,,,,,,,,,,,
제주,2017,제주도,서귀포시 성산읍 성산리,33.46527778,127.1291667,,,,,,,,,,,
제주,2017,제주도,서귀포시 성산읍 성산리,33.47083333,126.9544444,,,,,,,,,,,
제주,2017,제주도,서귀포시 성산읍 성산리,33.56416667,127.1908333,,,,,,,,,,,
제주,2017,제주도,서귀포시 성산읍 시흥리,33.49027778,126.9036111,,,,,,,,,,,
제주,2017,제주도,서귀포시 성산읍 시흥리,33.53111111,127.0155556,,,,,,,,,,,
제주,2017,제주도,서귀포시 성산읍 시흥리,33.5775,127.1338889,,,,,,,,,,,
제주,2017,제주도,서귀포시 성산읍 시흥리,33.68833333,126.9738889,,,,,,,,,,,
동해,2018,강원도,고성군 가진리,38.36805556,128.5208333,,,,,,,,,,,
동해,2018,강원도,고성군 가진리,38.37083333,128.5208333,,,,,,,,,,,
동해,2018,강원도,고성군 가진리,38.37083333,128.5180556,,,,,,,,,,,
동해,2018,강원도,고성군 가진리,38.36805556,128.5180556,,,,,,,,,,,
동해,2018,강원도,고성군 대진리,38.50722222,128.4180556,,,,,,,,,,,
동해,2018,강원도,고성군 대진리,38.52083333,128.4180556,,,,,,,,,,,
동해,2018,강원도,고성군 대진리,38.52083333,128.6597222,,,,,,,,,,,
동해,2018,강원도,고성군 대진리,38.59583333,128.4402778,,,,,,,,,,,
동해,2018,강원도,고성군 대진리,38.55444444,128.4402778,,,,,,,,,,,
동해,2018,강원도,삼척시 덕산리,37.39027778,129.25,,,,,,,,,,,
동해,2018,강원도,삼척시 덕산리,37.36805556,129.25,,,,,,,,,,,
동해,2018,강원도,삼척시 덕산리,37.36805556,129.2708333,,,,,,,,,,,
동해,2018,강원도,삼척시 덕산리,37.39027778,129.2708333,,,,,,,,,,,
동해,2018,강원도,양양군 인구리,37.96805556,128.7708333,,,,,,,,,,,
동해,2018,강원도,양양군 인구리,37.97083333,128.7708333,,,,,,,,,,,
동해,2018,강원도,양양군 인구리,37.97083333,128.7680556,,,,,,,,,,,
동해,2018,강원도,양양군 인구리,37.96805556,128.7680556,,,,,,,,,,,
동해,2018,강원도,양양군 하광정리,38.01805556,128.7180556,,,,,,,,,,,
동해,2018,강원도,양양군 하광정리,38.02083333,128.7180556,,,,,,,,,,,
동해,2018,강원도,양양군 하광정리,38.01805556,128.7402778,,,,,,,,,,,
동해,2018,강원도,양양군 하광정리,38.02083333,128.7402778,,,,,,,,,,,
동해,2018,경상북도,영덕군 금곡리,36.65,129.4208333,,,,,,,,,,,
동해,2018,경상북도,영덕군 금곡리,36.64027778,129.4208333,,,,,,,,,,,
동해,2018,경상북도,영덕군 금곡리,36.64027778,129.4180556,,,,,,,,,,,
동해,2018,경상북도,영덕군 금곡리,36.65,129.4180556,,,,,,,,,,,
동해,2018,경상북도,영덕군 대진1리,36.56805556,129.4180556,,,,,,,,,,,
동해,2018,경상북도,영덕군 대진1리,36.57083333,129.4180556,,,,,,,,,,,
동해,2018,경상북도,영덕군 대진1리,36.56805556,129.4402778,,,,,,,,,,,
동해,2018,경상북도,영덕군 대진1리,36.57083333,129.4402778,,,,,,,,,,,
동해,2018,경상북도,울진군 거일2리,36.7,129.4680556,,,,,,,,,,,
동해,2018,경상북도,울진군 거일2리,36.72083333,129.4680556,,,,,,,,,,,
동해,2018,경상북도,울진군 거일2리,36.72083333,129.4902778,,,,,,,,,,,
동해,2018,경상북도,울진군 거일2리,36.7,129.4902778,,,,,,,,,,,
동해,2018,울산광역시,"울주군 서생면 대송리
(평동)",35.37083333,129.35,,,,,,,,,,,
동해,2018,울산광역시,"울주군 서생면 대송리
(평동)",35.35,129.35,,,,,,,,,,,
동해,2018,울산광역시,"울주군 서생면 대송리
(평동)",35.37083333,129.3708333,,,,,,,,,,,
동해,2018,울산광역시,"울주군 서생면 대송리
(평동)",35.35,129.3708333,,,,,,,,,,,
서해,2018,전라북도,군산시 옥도면 신시도,36.05972222,126.5941667,,,,,,,,,,,
서해,2018,전라북도,군산시 옥도면 신시도,36.05916667,126.5622222,,,,,,,,,,,
서해,2018,전라북도,군산시 옥도면 신시도,36.03361111,126.5622222,,,,,,,,,,,
서해,2018,전라북도,군산시 옥도면 신시도,36.03361111,126.5941667,,,,,,,,,,,
남해,2018,전라남도,여수시 동도리,34.05,127.3208333,,,,,,,,,,,
남해,2018,전라남도,여수시 동도리,34.04027778,127.3208333,,,,,,,,,,,
남해,2018,전라남도,여수시 동도리,34.05,127.3180556,,,,,,,,,,,
남해,2018,전라남도,여수시 동도리,34.04027778,127.3180556,,,,,,,,,,,
남해,2018,경상남도,통영시 능양,34.80111111,128.2402778,,,,,,,,,,,
남해,2018,경상남도,통영시 능양,34.81444444,128.2402778,,,,,,,,,,,
남해,2018,경상남도,통영시 능양,34.81444444,128.25,,,,,,,,,,,
남해,2018,경상남도,통영시 능양,34.80111111,128.25,,,,,,,,,,,
남해,2018,경상남도,통영시 사이도,34.85888889,128.4586111,,,,,,,,,,,
남해,2018,경상남도,통영시 사이도,34.80583333,128.2708333,,,,,,,,,,,
남해,2018,경상남도,통영시 사이도,34.66805556,128.405,,,,,,,,,,,
남해,2018,경상남도,통영시 사이도,34.85944444,128.4052778,,,,,,,,,,,
남해,2018,경상남도,통영시 우도,34.65166667,128.4038889,,,,,,,,,,,
남해,2018,경상남도,통영시 우도,34.85888889,128.4025,,,,,,,,,,,
남해,2018,경상남도,통영시 우도,34.65111111,128.6105556,,,,,,,,,,,
남해,2018,경상남도,통영시 우도,34.85805556,128.6105556,,,,,,,,,,,
제주,2018,제주도,제주시 오봉리1,33.51805556,126.9402778,,,,,,,,,,,
제주,2018,제주도,제주시 오봉리1,33.54027778,126.9402778,,,,,,,,,,,
제주,2018,제주도,제주시 오봉리1,33.51805556,126.95,,,,,,,,,,,
제주,2018,제주도,제주시 오봉리1,33.54027778,126.95,,,,,,,,,,,
제주,2018,제주도,제주시 오봉리2,33.51805556,126.95,,,,,,,,,,,
제주,2018,제주도,제주시 오봉리2,33.54027778,126.95,,,,,,,,,,,
제주,2018,제주도,제주시 오봉리2,33.54027778,126.9708333,,,,,,,,,,,
제주,2018,제주도,제주시 오봉리2,33.51805556,126.9708333,,,,,,,,,,,
제주,2018,제주도,제주시 오봉리3,33.51805556,126.9402778,,,,,,,,,,,
제주,2018,제주도,제주시 오봉리3,33.52083333,126.9402778,,,,,,,,,,,
제주,2018,제주도,제주시 오봉리3,33.52083333,126.95,,,,,,,,,,,
제주,2018,제주도,제주시 오봉리3,33.51805556,126.95,,,,,,,,,,,
제주,2018,제주도,제주시 종달리,33.52083333,126.9208333,,,,,,,,,,,
제주,2018,제주도,제주시 종달리,33.51805556,126.9208333,,,,,,,,,,,
제주,2018,제주도,제주시 종달리,33.51805556,126.9180556,,,,,,,,,,,
제주,2018,제주도,제주시 종달리,33.52083333,126.9180556,,,,,,,,,,,
제주,2018,제주도,서귀포시 삼달리,33.36805556,126.8680556,,,,,,,,,,,
제주,2018,제주도,서귀포시 삼달리,33.37083333,126.8680556,,,,,,,,,,,
제주,2018,제주도,서귀포시 삼달리,33.37083333,126.8902778,,,,,,,,,,,
제주,2018,제주도,서귀포시 삼달리,33.36805556,126.8902778,,,,,,,,,,,
제주,2018,제주도,서귀포시 신천리,33.34027778,126.8708333,,,,,,,,,,,
제주,2018,제주도,서귀포시 신천리,33.37083333,126.8708333,,,,,,,,,,,
제주,2018,제주도,서귀포시 신천리,33.34027778,126.8680556,,,,,,,,,,,
제주,2018,제주도,서귀포시 신천리,33.37083333,126.8680556,,,,,,,,,,,
동해,2019,강원도,고성군 문암1리,38.32083333,128.55,,,,,,,,,,,
동해,2019,강원도,고성군 문암1리,38.3,128.55,,,,,,,,,,,
동해,2019,강원도,고성군 문암1리,38.3,128.5708333,,,,,,,,,,,
동해,2019,강원도,고성군 문암1리,38.32083333,128.5708333,,,,,,,,,,,
동해,2019,강원도,양양군 전진1리,38.14027778,128.6180556,,,,,,,,,,,
동해,2019,강원도,양양군 전진1리,38.11805556,128.6180556,,,,,,,,,,,
동해,2019,강원도,양양군 전진1리,38.14027778,128.6402778,,,,,,,,,,,
동해,2019,강원도,양양군 전진1리,38.11805556,128.6402778,,,,,,,,,,,
동해,2019,경상북도,영덕군 경정리,36.58083333,129.6191667,,,,,,,,,,,
동해,2019,경상북도,영덕군 경정리,36.58388889,129.6547222,,,,,,,,,,,
동해,2019,경상북도,영덕군 경정리,36.55666667,129.4625,,,,,,,,,,,
동해,2019,경상북도,영덕군 경정리,36.47972222,129.5494444,,,,,,,,,,,
동해,2019,경상북도,영덕군 경정리,36.61638889,129.4375,,,,,,,,,,,
동해,2019,경상북도,포항시 이가리1,36.2,129.3902778,,,,,,,,,,,
동해,2019,경상북도,포항시 이가리1,36.19027778,129.3902778,,,,,,,,,,,
동해,2019,경상북도,포항시 이가리1,36.2,129.4,,,,,,,,,,,
동해,2019,경상북도,포항시 이가리1,36.19027778,129.4,,,,,,,,,,,
동해,2019,경상북도,포항시 이가리2,36.19027778,129.3902778,,,,,,,,,,,
동해,2019,경상북도,포항시 이가리2,36.16805556,129.3902778,,,,,,,,,,,
동해,2019,경상북도,포항시 이가리2,36.19027778,129.4,,,,,,,,,,,
동해,2019,경상북도,포항시 이가리2,36.16805556,129.4,,,,,,,,,,,
동해,2019,경상북도,포항시 조사리,36.21805556,129.3902778,,,,,,,,,,,
동해,2019,경상북도,포항시 조사리,36.22083333,129.3902778,,,,,,,,,,,
동해,2019,경상북도,포항시 조사리,36.21805556,129.4,,,,,,,,,,,
동해,2019,경상북도,포항시 조사리,36.22083333,129.4,,,,,,,,,,,
동해,2019,경상북도,포항시 지경리,36.27083333,129.3680556,,,,,,,,,,,
동해,2019,경상북도,포항시 지경리,36.26805556,129.3680556,,,,,,,,,,,
동해,2019,경상북도,포항시 지경리,36.27083333,129.3902778,,,,,,,,,,,
동해,2019,경상북도,포항시 지경리,36.26805556,129.3902778,,,,,,,,,,,
서해,2019,인천광역시,"옹진군 백령면 백령도
(남3리)",37.945,124.7794444,,,,,,,,,,,
서해,2019,인천광역시,"옹진군 백령면 백령도
(남3리)",37.95138889,124.84,,,,,,,,,,,
서해,2019,인천광역시,"옹진군 백령면 백령도
(남3리)",38.15694444,124.8725,,,,,,,,,,,
서해,2019,인천광역시,"옹진군 백령면 백령도
(남3리)",38.14388889,124.9116667,,,,,,,,,,,
서해,2019,인천광역시,"옹진군 백령면 백령도
(남3리)",37.92972222,124.9033333,,,,,,,,,,,
서해,2019,전라북도,군산시 옥도면 관리도,36.03166667,126.3844444,,,,,,,,,,,
서해,2019,전라북도,군산시 옥도면 관리도,36.03361111,126.6319444,,,,,,,,,,,
서해,2019,전라북도,군산시 옥도면 관리도,35.95222222,126.4183333,,,,,,,,,,,
서해,2019,전라북도,군산시 옥도면 관리도,35.82055556,126.4211111,,,,,,,,,,,
서해,2019,전라북도,군산시 옥도면 관리도,36.02694444,126.4983333,,,,,,,,,,,
서해,2019,전라북도,군산시 옥도면 관리도,36.05416667,126.6375,,,,,,,,,,,
서해,2019,인천광역시,"옹진군 대청면 대청도
(선진동)",37.82694444,124.8955556,,,,,,,,,,,
서해,2019,인천광역시,"옹진군 대청면 대청도
(선진동)",37.90416667,124.7086111,,,,,,,,,,,
서해,2019,인천광역시,"옹진군 대청면 대청도
(선진동)",37.88694444,124.7530556,,,,,,,,,,,
서해,2019,인천광역시,"옹진군 대청면 대청도
(선진동)",37.86972222,124.7938889,,,,,,,,,,,
서해,2019,인천광역시,옹진군 덕적면 굴업도,37.42694444,125.9752778,,,,,,,,,,,
서해,2019,인천광역시,옹진군 덕적면 굴업도,37.23833333,126.1697222,,,,,,,,,,,
서해,2019,인천광역시,옹진군 덕적면 굴업도,37.3975,125.9936111,,,,,,,,,,,
서해,2019,인천광역시,옹진군 덕적면 굴업도,37.18527778,126.1769444,,,,,,,,,,,
서해,2019,인천광역시,옹진군 덕적면 굴업도,37.34972222,126.1155556,,,,,,,,,,,
서해,2019,인천광역시,옹진군 덕적면 굴업도,37.41166667,125.9758333,,,,,,,,,,,
서해,2019,인천광역시,옹진군 자월면 승봉도,37.38194444,126.4783333,,,,,,,,,,,
서해,2019,인천광역시,옹진군 자월면 승봉도,37.17305556,126.5338889,,,,,,,,,,,
서해,2019,인천광역시,옹진군 자월면 승봉도,37.34027778,126.3830556,,,,,,,,,,,
서해,2019,인천광역시,옹진군 자월면 승봉도,37.31694444,126.3683333,,,,,,,,,,,
서해,2019,인천광역시,옹진군 대청면 대청도,37.85333333,124.7263889,,,,,,,,,,,
서해,2019,인천광역시,옹진군 대청면 대청도,37.84694444,124.7605556,,,,,,,,,,,
서해,2019,인천광역시,옹진군 대청면 대청도,38.03583333,124.9766667,,,,,,,,,,,
서해,2019,인천광역시,옹진군 대청면 대청도,38.03027778,124.7252778,,,,,,,,,,,
서해,2019,인천광역시,옹진군 대청면 대청도,38.03722222,124.9319444,,,,,,,,,,,
서해,2019,인천광역시,옹진군 덕적면 굴업도,37.42694444,125.9752778,,,,,,,,,,,
서해,2019,인천광역시,옹진군 덕적면 굴업도,37.23833333,126.1697222,,,,,,,,,,,
서해,2019,인천광역시,옹진군 덕적면 굴업도,37.3975,125.9936111,,,,,,,,,,,
서해,2019,인천광역시,옹진군 덕적면 굴업도,37.18527778,126.1769444,,,,,,,,,,,
서해,2019,인천광역시,옹진군 덕적면 굴업도,37.34972222,126.1155556,,,,,,,,,,,
서해,2019,인천광역시,옹진군 덕적면 굴업도,37.41166667,125.9758333,,,,,,,,,,,
서해,2019,경기도,안산시 대부도,37.31333333,126.6130556,,,,,,,,,,,
서해,2019,경기도,안산시 대부도,37.3025,126.6205556,,,,,,,,,,,
서해,2019,경기도,안산시 대부도,37.33777778,126.6744444,,,,,,,,,,,
서해,2019,경기도,안산시 대부도,37.36305556,126.6872222,,,,,,,,,,,
서해,2019,경기도,안산시 대부도,37.36472222,126.6716667,,,,,,,,,,,
서해,2019,경기도,안산시 대부도,37.34527778,126.6605556,,,,,,,,,,,
남해,2019,경상남도,"고성군 춘암리
(안장섬)",34.9,128.1680556,,,,,,,,,,,
남해,2019,경상남도,"고성군 춘암리
(안장섬)",34.89027778,128.1680556,,,,,,,,,,,
남해,2019,경상남도,"고성군 춘암리
(안장섬)",34.89027778,128.1902778,,,,,,,,,,,
남해,2019,경상남도,"고성군 춘암리
(안장섬)",34.9,128.1902778,,,,,,,,,,,
남해,2019,전라남도,여수시 역만도,34.19027778,127.35,,,,,,,,,,,
남해,2019,전라남도,여수시 역만도,34.16805556,127.35,,,,,,,,,,,
남해,2019,전라남도,여수시 역만도,34.19027778,127.3708333,,,,,,,,,,,
남해,2019,전라남도,여수시 역만도,34.16805556,127.3708333,,,,,,,,,,,
남해,2019,전라남도,완도군 황제도,34.19027778,127.0680556,,,,,,,,,,,
남해,2019,전라남도,완도군 황제도,34.2,127.0680556,,,,,,,,,,,
남해,2019,전라남도,완도군 황제도,34.19027778,127.0902778,,,,,,,,,,,
남해,2019,전라남도,완도군 황제도,34.2,127.0902778,,,,,,,,,,,
제주,2019,제주도,제주시 고산리1,33.32083333,126.15,,,,,,,,,,,
제주,2019,제주도,제주시 고산리1,33.31805556,126.15,,,,,,,,,,,
제주,2019,제주도,제주시 고산리1,33.31805556,126.1708333,,,,,,,,,,,
제주,2019,제주도,제주시 고산리1,33.32083333,126.1708333,,,,,,,,,,,
제주,2019,제주도,제주시 고산리2,33.3,126.15,,,,,,,,,,,
제주,2019,제주도,제주시 고산리2,33.32083333,126.15,,,,,,,,,,,
제주,2019,제주도,제주시 고산리2,33.3,126.1708333,,,,,,,,,,,
제주,2019,제주도,제주시 고산리2,33.32083333,126.1708333,,,,,,,,,,,
제주,2019,제주도,제주시 고산리3,33.3,126.15,,,,,,,,,,,
제주,2019,제주도,제주시 고산리3,33.29027778,126.15,,,,,,,,,,,
제주,2019,제주도,제주시 고산리3,33.29027778,126.1708333,,,,,,,,,,,
제주,2019,제주도,제주시 고산리3,33.3,126.1708333,,,,,,,,,,,
제주,2019,제주도,제주시 고산리4,33.26805556,126.15,,,,,,,,,,,
제주,2019,제주도,제주시 고산리4,33.29027778,126.15,,,,,,,,,,,
제주,2019,제주도,제주시 고산리4,33.29027778,126.1708333,,,,,,,,,,,
제주,2019,제주도,제주시 고산리4,33.26805556,126.1708333,,,,,,,,,,,
제주,2019,제주도,제주시 고산리5,33.29027778,126.1708333,,,,,,,,,,,
제주,2019,제주도,제주시 고산리5,33.26805556,126.1708333,,,,,,,,,,,
제주,2019,제주도,제주시 고산리5,33.29027778,126.1680556,,,,,,,,,,,
제주,2019,제주도,제주시 고산리5,33.26805556,126.1680556,,,,,,,,,,,
제주,2019,제주도,서귀포시 신산리,33.36805556,126.8902778,,,,,,,,,,,
제주,2019,제주도,서귀포시 신산리,33.39027778,126.8902778,,,,,,,,,,,
제주,2019,제주도,서귀포시 신산리,33.39027778,126.9,,,,,,,,,,,
제주,2019,제주도,서귀포시 신산리,33.36805556,126.9,,,,,,,,,,,
동해,2020,강원도,고성군 화포리·초도리,38.49027778,128.4402778,,,,,,,,,,,
동해,2020,강원도,고성군 화포리·초도리,38.46805556,128.4402778,,,,,,,,,,,
동해,2020,강원도,고성군 화포리·초도리,38.49027778,128.45,,,,,,,,,,,
동해,2020,강원도,고성군 화포리·초도리,38.46805556,128.45,,,,,,,,,,,
동해,2020,강원도,고성군 공현진리,38.35,128.5208333,,,,,,,,,,,
동해,2020,강원도,고성군 공현진리,38.37083333,128.5208333,,,,,,,,,,,
동해,2020,강원도,고성군 공현진리,38.37083333,128.5180556,,,,,,,,,,,
동해,2020,강원도,고성군 공현진리,38.35,128.5180556,,,,,,,,,,,
동해,2020,강원도,고성군 오호리,38.31805556,128.5180556,,,,,,,,,,,
동해,2020,강원도,고성군 오호리,38.34027778,128.5180556,,,,,,,,,,,
동해,2020,강원도,고성군 오호리,38.31805556,128.5402778,,,,,,,,,,,
동해,2020,강원도,고성군 오호리,38.34027778,128.5402778,,,,,,,,,,,
동해,2020,강원도,속초시 장사동,38.24027778,128.5902778,,,,,,,,,,,
동해,2020,강원도,속초시 장사동,38.21805556,128.5902778,,,,,,,,,,,
동해,2020,강원도,속초시 장사동,38.21805556,128.6,,,,,,,,,,,
동해,2020,강원도,속초시 장사동,38.24027778,128.6,,,,,,,,,,,
동해,2020,강원도,양양군 동호리,38.07083333,128.6680556,,,,,,,,,,,
동해,2020,강원도,양양군 동호리,38.06805556,128.6680556,,,,,,,,,,,
동해,2020,강원도,양양군 동호리,38.06805556,128.6902778,,,,,,,,,,,
동해,2020,강원도,양양군 동호리,38.07083333,128.6902778,,,,,,,,,,,
동해,2020,강원도,양양군 인구리·광진리,37.96805556,128.7708333,,,,,,,,,,,
동해,2020,강원도,양양군 인구리·광진리,37.97083333,128.7708333,,,,,,,,,,,
동해,2020,강원도,양양군 인구리·광진리,37.97083333,128.7680556,,,,,,,,,,,
동해,2020,강원도,양양군 인구리·광진리,37.96805556,128.7680556,,,,,,,,,,,
동해,2020,강원도,강릉시 심곡리,37.67083333,129.05,,,,,,,,,,,
동해,2020,강원도,강릉시 심곡리,37.66805556,129.05,,,,,,,,,,,
동해,2020,강원도,강릉시 심곡리,37.67083333,129.0708333,,,,,,,,,,,
동해,2020,강원도,강릉시 심곡리,37.66805556,129.0708333,,,,,,,,,,,
동해,2020,경상북도,영덕군 축산리,36.52083333,129.4402778,,,,,,,,,,,
동해,2020,경상북도,영덕군 축산리,36.51805556,129.4402778,,,,,,,,,,,
동해,2020,경상북도,영덕군 축산리,36.51805556,129.45,,,,,,,,,,,
동해,2020,경상북도,영덕군 축산리,36.52083333,129.45,,,,,,,,,,,
서해,2020,충청남도,보령시 오천면 오도,36.32416667,126.1469444,,,,,,,,,,,
서해,2020,충청남도,보령시 오천면 오도,36.31194444,126.1488889,,,,,,,,,,,
서해,2020,충청남도,보령시 오천면 오도,36.31083333,126.1494444,,,,,,,,,,,
서해,2020,충청남도,보령시 오천면 오도,36.25138889,126.1761111,,,,,,,,,,,
서해,2020,충청남도,보령시 오천면 오도,36.33722222,126.1819444,,,,,,,,,,,
서해,2020,충청남도,보령시 오천면 오도,36.27027778,126.0655556,,,,,,,,,,,
서해,2020,전라북도,부안군 위도면 식도,35.61916667,126.3163889,,,,,,,,,,,
서해,2020,전라북도,부안군 위도면 식도,35.61916667,126.3644444,,,,,,,,,,,
서해,2020,전라북도,부안군 위도면 식도,35.78805556,126.4980556,,,,,,,,,,,
서해,2020,전라북도,부안군 위도면 식도,35.6225,126.4863889,,,,,,,,,,,
서해,2020,전라북도,부안군 위도면 식도,35.74305556,126.3113889,,,,,,,,,,,
서해,2020,인천광역시,옹진군 덕적면 굴업도,37.21722222,126.0244444,,,,,,,,,,,
서해,2020,인천광역시,옹진군 덕적면 굴업도,37.46,126.0252778,,,,,,,,,,,
서해,2020,인천광역시,옹진군 덕적면 굴업도,37.44027778,126.0311111,,,,,,,,,,,
서해,2020,인천광역시,옹진군 덕적면 굴업도,37.2025,126.0397222,,,,,,,,,,,
서해,2020,인천광역시,옹진군 덕적면 굴업도,37.43277778,126.0402778,,,,,,,,,,,
서해,2020,인천광역시,옹진군 덕적면 굴업도,37.42916667,126.0475,,,,,,,,,,,
서해,2020,인천광역시,옹진군 덕적면 굴업도,37.42472222,126.0677778,,,,,,,,,,,
서해,2020,인천광역시,옹진군 덕적면 굴업도,37.455,126.0791667,,,,,,,,,,,
서해,2020,인천광역시,옹진군 덕적면 굴업도,37.42277778,126.0938889,,,,,,,,,,,
서해,2020,인천광역시,옹진군 덕적면 굴업도,37.44,126.0991667,,,,,,,,,,,
서해,2020,인천광역시,옹진군 덕적면 굴업도,37.42527778,126.1030556,,,,,,,,,,,
서해,2020,인천광역시,옹진군 자월면 자월도,37.31416667,126.36,,,,,,,,,,,
서해,2020,인천광역시,옹진군 자월면 자월도,37.29805556,126.3680556,,,,,,,,,,,
서해,2020,인천광역시,옹진군 자월면 자월도,37.34666667,126.3680556,,,,,,,,,,,
서해,2020,인천광역시,옹진군 자월면 자월도,37.27972222,126.4211111,,,,,,,,,,,
서해,2020,인천광역시,옹진군 자월면 자월도,37.32083333,126.4288889,,,,,,,,,,,
남해,2020,전라남도,여수시 낭도,34.6,127.55,,,,,,,,,,,
남해,2020,전라남도,여수시 낭도,34.62083333,127.55,,,,,,,,,,,
남해,2020,전라남도,여수시 낭도,34.6,127.5708333,,,,,,,,,,,
남해,2020,전라남도,여수시 낭도,34.62083333,127.5708333,,,,,,,,,,,
남해,2020,경상남도,거제시 예구·내도,34.79027778,128.7208333,,,,,,,,,,,
남해,2020,경상남도,거제시 예구·내도,34.8,128.7208333,,,,,,,,,,,
남해,2020,경상남도,거제시 예구·내도,34.8,128.7180556,,,,,,,,,,,
남해,2020,경상남도,거제시 예구·내도,34.79027778,128.7180556,,,,,,,,,,,
남해,2020,경상남도,남해군 진동리,34.81805556,128.0708333,,,,,,,,,,,
남해,2020,경상남도,남해군 진동리,34.84027778,128.0708333,,,,,,,,,,,
남해,2020,경상남도,남해군 진동리,34.81805556,128.0680556,,,,,,,,,,,
남해,2020,경상남도,남해군 진동리,34.84027778,128.0680556,,,,,,,,,,,
제주,2020,제주도,제주시 귀덕2리,33.44027778,126.2680556,,,,,,,,,,,
제주,2020,제주도,제주시 귀덕2리,33.45,126.2680556,,,,,,,,,,,
제주,2020,제주도,제주시 귀덕2리,33.45,126.2902778,,,,,,,,,,,
제주,2020,제주도,제주시 귀덕2리,33.44027778,126.2902778,,,,,,,,,,,
제주,2020,제주도,제주시 조일리1,33.51805556,126.9708333,,,,,,,,,,,
제주,2020,제주도,제주시 조일리1,33.52083333,126.9708333,,,,,,,,,,,
제주,2020,제주도,제주시 조일리1,33.51805556,126.9680556,,,,,,,,,,,
제주,2020,제주도,제주시 조일리1,33.52083333,126.9680556,,,,,,,,,,,
제주,2020,제주도,제주시 조일리2,33.5,126.9708333,,,,,,,,,,,
제주,2020,제주도,제주시 조일리2,33.52083333,126.9708333,,,,,,,,,,,
제주,2020,제주도,제주시 조일리2,33.52083333,126.9680556,,,,,,,,,,,
제주,2020,제주도,제주시 조일리2,33.5,126.9680556,,,,,,,,,,,
제주,2020,제주도,제주시 하귀2리(귀일),33.5,126.3902778,,,,,,,,,,,
제주,2020,제주도,제주시 하귀2리(귀일),33.49027778,126.3902778,,,,,,,,,,,
제주,2020,제주도,제주시 하귀2리(귀일),33.5,126.4,,,,,,,,,,,
제주,2020,제주도,제주시 하귀2리(귀일),33.49027778,126.4,,,,,,,,,,,
제주,2020,제주도,제주시 화북동,33.51805556,126.5708333,,,,,,,,,,,
제주,2020,제주도,제주시 화북동,33.54027778,126.5708333,,,,,,,,,,,
제주,2020,제주도,제주시 화북동,33.54027778,126.5680556,,,,,,,,,,,
제주,2020,제주도,제주시 화북동,33.51805556,126.5680556,,,,,,,,,,,
제주,2020,제주도,서귀포시 강정동,33.21805556,126.45,,,,,,,,,,,
제주,2020,제주도,서귀포시 강정동,33.24027778,126.45,,,,,,,,,,,
제주,2020,제주도,서귀포시 강정동,33.21805556,126.4708333,,,,,,,,,,,127.85
제주,2020,제주도,서귀포시 강정동,33.24027778,126.4708333,,,,,,,,,,,
동해,2021,강원도,강릉시 금진리,37.65,128.0708333,,,,,,,,,,,
동해,2021,강원도,강릉시 금진리,37.65,128.0680556,,,,,,,,,,,
동해,2021,강원도,강릉시 금진리,37.64027778,128.0680556,,,,,,,,,,,
동해,2021,강원도,강릉시 금진리,37.64027778,128.0708333,,,,,,,,,,,
동해,2021,강원도,고성균 교암리,38.29027778,128.55,,,,,,,,,,,
동해,2021,강원도,고성균 교암리,38.29027778,128.5708333,,,,,,,,,,,
동해,2021,강원도,고성균 교암리,38.26805556,128.5708333,,,,,,,,,,,
동해,2021,강원도,고성균 교암리,38.26805556,128.55,,,,,,,,,,,
동해,2021,강원도,양양군 동산리,37.99027778,128.7708333,,,,,,,,,,,
동해,2021,강원도,양양군 동산리,37.99027778,128.7680556,,,,,,,,,,,
동해,2021,강원도,양양군 동산리,37.96805556,128.7680556,,,,,,,,,,,
동해,2021,강원도,양양군 동산리,37.96805556,128.7708333,,,,,,,,,,,
동해,2021,강원도,양양군 광진리,37.97083333,128.7708333,,,,,,,,,,,
동해,2021,강원도,양양군 광진리,37.97083333,128.7680556,,,,,,,,,,,
동해,2021,강원도,양양군 광진리,37.95,128.7708333,,,,,,,,,,,
동해,2021,강원도,양양군 광진리,37.95,128.7680556,,,,,,,,,,,
동해,2021,경상북도,포항시 화진2리,36.25,129.3680556,,,,,,,,,,,
동해,2021,경상북도,포항시 화진2리,36.25,128.3902778,,,,,,,,,,,
동해,2021,경상북도,포항시 화진2리,38.24027778,128.3902778,,,,,,,,,,,
동해,2021,경상북도,포항시 화진2리,38.24027778,129.3680556,,,,,,,,,,,
서해,2021,인천광역시,옹진군 대청도2,37.82083333,124.6680556,,,,,,,,,,,
서해,2021,인천광역시,옹진군 대청도2,37.82083333,124.6902778,,,,,,,,,,,
서해,2021,인천광역시,옹진군 대청도2,37.8,124.6902778,,,,,,,,,,,
서해,2021,인천광역시,옹진군 대청도2,37.8,124.6680556,,,,,,,,,,,
서해,2021,전라북도,부안군 벌금(잘피숲),35.82083333,126.2858333,,,,,,,,,,,
서해,2021,전라북도,부안군 벌금(잘피숲),35.62416667,126.3597222,,,,,,,,,,,
서해,2021,전라북도,부안군 벌금(잘피숲),35.78638889,126.3938889,,,,,,,,,,,
서해,2021,전라북도,부안군 벌금(잘피숲),35.76638889,126.3458333,,,,,,,,,,,
서해,2021,경기도,안산시 풍도,37.12083333,126.3680556,,,,,,,,,,,
서해,2021,경기도,안산시 풍도,37.12083333,126.3902778,,,,,,,,,,,
서해,2021,경기도,안산시 풍도,37.1,126.3902778,,,,,,,,,,,
서해,2021,경기도,안산시 풍도,37.1,126.3680556,,,,,,,,,,,
서해,2021,경기도,안산시 대부도 선감(염생식물),37.47388889,126.6808333,,,,,,,,,,,
서해,2021,경기도,안산시 대부도 선감(염생식물),37.46888889,126.6788889,,,,,,,,,,,
서해,2021,경기도,안산시 대부도 선감(염생식물),37.39472222,126.6541667,,,,,,,,,,,
서해,2021,경기도,안산시 대부도 선감(염생식물),37.38944444,126.8408333,,,,,,,,,,,
남해,2021,경상남도,통영시 양지리,34.8,128.2402778,,,,,,,,,,,
남해,2021,경상남도,통영시 양지리,34.8,128.25,,,,,,,,,,,
남해,2021,경상남도,통영시 양지리,34.79027778,128.25,,,,,,,,,,,
남해,2021,경상남도,통영시 양지리,34.79027778,128.2402778,,,,,,,,,,,
남해,2021,경상남도,통영시 노대리,34.66805556,128.2402778,,,,,,,,,,,
남해,2021,경상남도,통영시 노대리,34.66805556,128.25,,,,,,,,,,,
남해,2021,경상남도,통영시 노대리,34.67083333,128.25,,,,,,,,,,,
남해,2021,경상남도,통영시 노대리,34.67083333,128.2402778,,,,,,,,,,,
남해,2021,경상남도,남해군 홍현리,34.75,127.9,,,,,,,,,,,
남해,2021,경상남도,남해군 홍현리,34.75,128.9208333,,,,,,,,,,,
남해,2021,경상남도,남해군 홍현리,34.74027778,128.9208333,,,,,,,,,,,
남해,2021,경상남도,남해군 홍현리,34.74027778,127.9,,,,,,,,,,,
남해,2021,전라남도,여수시 개도리,34.56805556,127.6402778,,,,,,,,,,,
남해,2021,전라남도,여수시 개도리,34.56805556,127.65,,,,,,,,,,,
남해,2021,전라남도,여수시 개도리,34.57083333,127.65,,,,,,,,,,,
남해,2021,전라남도,여수시 개도리,34.57083333,127.6402778,,,,,,,,,,,
제주,2021,제주도,서귀포시 온평리1,33.41805556,126.9208333,,,,,,,,,,,
제주,2021,제주도,서귀포시 온평리1,33.41805556,126.9180556,,,,,,,,,,,
제주,2021,제주도,서귀포시 온평리1,33.42083333,126.9180556,,,,,,,,,,,
제주,2021,제주도,서귀포시 온평리1,33.42083333,126.9208333,,,,,,,,,,,
제주,2021,제주도,제주시 평대리1,33.55,126.8402778,,,,,,,,,,,
제주,2021,제주도,제주시 평대리1,33.55,126.85,,,,,,,,,,,
제주,2021,제주도,제주시 평대리1,33.55694444,126.85,,,,,,,,,,,
제주,2021,제주도,제주시 평대리1,33.55694444,126.8402778,,,,,,,,,,,
제주,2021,제주도,제주시 평대리2,33.54027778,126.85,,,,,,,,,,,
제주,2021,제주도,제주시 평대리2,33.54027778,126.8708333,,,,,,,,,,,
제주,2021,제주도,제주시 평대리2,33.51805556,126.8708333,,,,,,,,,,,
제주,2021,제주도,제주시 평대리2,33.51805556,126.85,,,,,,,,,,,
제주,2021,제주도,제주시 판포리2,33.36805556,126.1902778,,,,,,,,,,,
제주,2021,제주도,제주시 판포리2,33.36805556,126.2,,,,,,,,,,,
제주,2021,제주도,제주시 판포리2,33.37083333,126.2,,,,,,,,,,,
제주,2021,제주도,제주시 판포리2,33.37083333,126.1902778,,,,,,,,,,,
동해,2022,강원도,고성군 청간리,38.26805556,128.5708333,,,,,,,,,,,
동해,2022,강원도,고성군 청간리,38.26805556,128.5680556,,,,,,,,,,,
동해,2022,강원도,고성군 청간리,38.27083333,128.5680556,,,,,,,,,,,
동해,2022,강원도,고성군 청간리,38.27083333,128.5708333,,,,,,,,,,,
동해,2022,강원도,속초시 대포동,38.16805556,128.6208333,,,,,,,,,,,
동해,2022,강원도,속초시 대포동,38.16805556,128.6180556,,,,,,,,,,,
동해,2022,강원도,속초시 대포동,38.17083333,128.6180556,,,,,,,,,,,
동해,2022,강원도,속초시 대포동,38.17083333,128.6208333,,,,,,,,,,,
동해,2022,경상북도,포항시 하정2리,35.96805556,129.55,,,,,,,,,,,
동해,2022,경상북도,포항시 하정2리,35.96805556,129.5708333,,,,,,,,,,,
동해,2022,경상북도,포항시 하정2리,35.97083333,129.5708333,,,,,,,,,,,
동해,2022,경상북도,포항시 하정2리,35.97083333,129.55,,,,,,,,,,,
동해,2022,경상북도,포항시 계원1리,35.86805556,129.5180556,,,,,,,,,,,
동해,2022,경상북도,포항시 계원1리,35.86805556,129.5402778,,,,,,,,,,,
동해,2022,경상북도,포항시 계원1리,35.87083333,129.5402778,,,,,,,,,,,
동해,2022,경상북도,포항시 계원1리,35.87083333,129.5180556,,,,,,,,,,,
동해,2022,경상북도,포항시 구평2리,35.95,129.5402778,,,,,,,,,,,
동해,2022,경상북도,포항시 구평2리,35.95,129.55,,,,,,,,,,,
동해,2022,경상북도,포항시 구평2리,35.94027778,129.55,,,,,,,,,,,
동해,2022,경상북도,포항시 구평2리,35.94027778,129.5402778,,,,,,,,,,,
서해,2022,인천광역시,옹진군 소이작도(잘피),37.19027778,126.2180556,,,,,,,,,,,
서해,2022,인천광역시,옹진군 소이작도(잘피),37.19027778,126.2402778,,,,,,,,,,,
서해,2022,인천광역시,옹진군 소이작도(잘피),37.16805556,126.2402778,,,,,,,,,,,
서해,2022,인천광역시,옹진군 소이작도(잘피),37.16805556,126.2180556,,,,,,,,,,,
서해,2022,인천광역시,옹진군 사항포,37.99027778,124.65,,,,,,,,,,,
서해,2022,인천광역시,옹진군 사항포,37.99027778,124.6708333,,,,,,,,,,,
서해,2022,인천광역시,옹진군 사항포,37.96805556,124.6708333,,,,,,,,,,,
서해,2022,인천광역시,옹진군 사항포,37.96805556,124.65,,,,,,,,,,,
남해,2022,경상남도,통영시 비진리,34.71805556,128.45,,,,,,,,,,,
남해,2022,경상남도,통영시 비진리,34.71805556,128.4708333,,,,,,,,,,,
남해,2022,경상남도,통영시 비진리,34.72083333,128.4708333,,,,,,,,,,,
남해,2022,경상남도,통영시 비진리,34.72083333,128.45,,,,,,,,,,,
남해,2022,경상남도,통영시 동항리,34.66805556,128.3,,,,,,,,,,,
남해,2022,경상남도,통영시 동항리,34.66805556,128.3208333,,,,,,,,,,,
남해,2022,경상남도,통영시 동항리,34.67083333,128.3208333,,,,,,,,,,,
남해,2022,경상남도,통영시 동항리,34.67083333,128.3,,,,,,,,,,,
남해,2022,경상남도,남해군 석교리,34.77083333,127.9,,,,,,,,,,,
남해,2022,경상남도,남해군 석교리,34.77083333,127.9208333,,,,,,,,,,,
남해,2022,경상남도,남해군 석교리,34.75,127.9208333,,,,,,,,,,,
남해,2022,경상남도,남해군 석교리,34.75,127.9,,,,,,,,,,,
남해,2022,전라남도,여수시 유송리,34.55,127.7208333,,,,,,,,,,,
남해,2022,전라남도,여수시 유송리,34.55,127.7180556,,,,,,,,,,,
남해,2022,전라남도,여수시 유송리,34.54027778,127.7180556,,,,,,,,,,,
남해,2022,전라남도,여수시 유송리,34.54027778,127.7208333,,,,,,,,,,,
남해,2022,전라남도,여수시 서도리,34.07083333,127.2680556,,,,,,,,,,,
남해,2022,전라남도,여수시 서도리,34.07083333,127.2902778,,,,,,,,,,,
남해,2022,전라남도,여수시 서도리,34.05,127.2902778,,,,,,,,,,,
남해,2022,전라남도,여수시 서도리,34.05,127.2680556,,,,,,,,,,,
남해,2022,전라남도,완도군 청계리,34.17083333,126.8902778,,,,,,,,,,,
남해,2022,전라남도,완도군 청계리,34.17083333,126.9,,,,,,,,,,,
남해,2022,전라남도,완도군 청계리,34.15,126.9,,,,,,,,,,,
남해,2022,전라남도,완도군 청계리,34.15,126.8902778,,,,,,,,,,,
제주,2022,제주특별자치도,제주시 신흥리,33.57083333,126.6402778,,,,,,,,,,,
제주,2022,제주특별자치도,제주시 신흥리,33.57083333,126.65,,,,,,,,,,,
제주,2022,제주특별자치도,제주시 신흥리,33.55,126.65,,,,,,,,,,,
제주,2022,제주특별자치도,제주시 신흥리,33.55,126.6402778,,,,,,,,,,,
제주,2022,제주특별자치도,서귀포시 남원리1,33.26805556,126.7,,,,,,,,,,,
제주,2022,제주특별자치도,서귀포시 남원리1,33.26805556,126.7208333,,,,,,,,,,,
제주,2022,제주특별자치도,서귀포시 남원리1,33.27083333,126.7208333,,,,,,,,,,,
제주,2022,제주특별자치도,서귀포시 남원리1,33.27083333,126.7,,,,,,,,,,,
제주,2022,제주특별자치도,서귀포시 중문동,33.25,126.4208333,,,,,,,,,,,
제주,2022,제주특별자치도,서귀포시 중문동,33.25,126.4180556,,,,,,,,,,,
제주,2022,제주특별자치도,서귀포시 중문동,33.24027778,126.4180556,,,,,,,,,,,
제주,2022,제주특별자치도,서귀포시 중문동,33.24027778,126.4208333,,,,,,,,,,,
제주,2022,제주특별자치도,서귀포시 태흥1리,33.26805556,126.7180556,,,,,,,,,,,
제주,2022,제주특별자치도,서귀포시 태흥1리,33.26805556,126.7402778,,,,,,,,,,,
제주,2022,제주특별자치도,서귀포시 태흥1리,33.27083333,126.7402778,,,,,,,,,,,
제주,2022,제주특별자치도,서귀포시 태흥1리,33.27083333,126.7180556,,,,,,,,,,,
