해역,년도,광역시도,지선,위도,경도,,
동해,2011,강원도,양양군 현북면 기사문리,38° 01.288',128° 44.118',,
동해,2011,강원도,양양군 현북면 기사문리,38° 01.310',128° 44.273',,
동해,2011,강원도,양양군 현북면 기사문리,37° 59.645',128° 44.559',,
동해,2011,강원도,양양군 현북면 기사문리,37° 59.825',128° 44.852',,
동해,2011,강원도,삼척시 원덕읍 신남,37° 16.449',129° 19.691',,
동해,2011,강원도,삼척시 원덕읍 신남,37° 16.496',129° 19.815',,
동해,2011,강원도,삼척시 원덕읍 신남,37° 15.772',129° 20.099',,
동해,2011,강원도,삼척시 원덕읍 신남,37° 15.361',129° 20.422',,
동해,2011,강원도,삼척시 원덕읍 신남,37° 15.424',129° 20.523',,
동해,2011,경상북도,울진군 울진읍 현내리,37° 00.739',129° 25.108',,
동해,2011,경상북도,울진군 울진읍 현내리,37° 00.247',129° 25.108',,
동해,2011,경상북도,울진군 울진읍 현내리,37° 00.247',129° 25.637',,
동해,2011,경상북도,울진군 울진읍 현내리,37° 00.739',129° 25.637',,
동해,2011,부산광역시,영도구 동삼동,35° 03.911',129° 05.165',,
동해,2011,부산광역시,영도구 동삼동,35° 04.072',129° 05.432',,
동해,2011,부산광역시,영도구 동삼동,35° 03.608',129° 05.784',,
동해,2011,부산광역시,영도구 동삼동,35° 03.698',129° 05.908',,
서해,2011,인천광역시,웅진군 백령면 고봉포,37° 58.961',124° 41.302',,
서해,2011,인천광역시,웅진군 백령면 고봉포,37° 59.044',124° 41.430',,
서해,2011,인천광역시,웅진군 백령면 고봉포,37° 58.833',124° 41.481',,
서해,2011,인천광역시,웅진군 백령면 고봉포,37° 58.923',124° 41.588',,
서해,2011,충청남도,"보령시 웅천읍 무창포
(1단지)",36° 14.665',126° 31.405',,
서해,2011,충청남도,"보령시 웅천읍 무창포
(1단지)",36° 14.627',126° 31.456',,
서해,2011,충청남도,"보령시 웅천읍 무창포
(1단지)",36° 14.776',126° 31.522',,
서해,2011,충청남도,"보령시 웅천읍 무창포
(1단지)",36° 14.682',126° 31.547',,
서해,2011,충청남도,"보령시 웅천읍 무창포
(1단지)",36° 14.710',126° 31.640',,
서해,2011,충청남도,"보령시 웅천읍 무창포
(1단지)",36° 14.773',126° 31.654',,
서해,2011,충청남도,"보령시 웅천읍 무창포
(2단지)",36° 14.708',126° 31.826',,
서해,2011,충청남도,"보령시 웅천읍 무창포
(2단지)",36° 14.765',126° 31.870',,
서해,2011,충청남도,"보령시 웅천읍 무창포
(2단지)",36° 14.679',126° 31.891',,
서해,2011,충청남도,"보령시 웅천읍 무창포
(2단지)",36° 14.730',126° 31.929',,
서해,2011,전라북도,군산시 옥도면 장자도,35° 48.704',126° 23.399',,
서해,2011,전라북도,군산시 옥도면 장자도,35° 48.679',126° 23.438',,
서해,2011,전라북도,군산시 옥도면 장자도,35° 48.674',126° 23.532',,
서해,2011,전라북도,군산시 옥도면 장자도,35° 48.795',126° 23.548',,
서해,2011,전라북도,군산시 옥도면 장자도,35° 48.720',126° 23.616',,
서해,2011,전라북도,군산시 옥도면 장자도,35° 48.715',126° 23.687',,
서해,2011,전라북도,"군산시 옥도면 장자도
(잘피)",35° 48.715',126° 23.687',,
서해,2011,전라북도,"군산시 옥도면 장자도
(잘피)",35° 48.752',126° 23.725',,
서해,2011,전라북도,"군산시 옥도면 장자도
(잘피)",35° 48.681',126° 23.757',,
서해,2011,전라북도,"군산시 옥도면 장자도
(잘피)",35° 48.717',126° 23.791',,
남해,2011,경상남도,통영시 사량면 사량도,34° 51.181',128° 09.888',,
남해,2011,경상남도,통영시 사량면 사량도,34° 50.557',128° 10.055',,
남해,2011,경상남도,통영시 사량면 사량도,34° 50.392',128° 10.058',,
남해,2011,경상남도,통영시 사량면 사량도,34° 50.841',128° 10.122',,
남해,2011,경상남도,통영시 사량면 사량도,34° 51.133',128° 10.124',,
남해,2011,경상남도,통영시 사량면 사량도,34° 50.428',128° 10.348',,
남해,2011,경상남도,통영시 사량면 사량도,34° 51.259',128° 10.530',,
남해,2011,경상남도,통영시 사량면 사량도,34° 50.121',128° 10.579',,
남해,2011,경상남도,통영시 사량면 사량도,34° 49.864',128° 10.585',,
남해,2011,경상남도,통영시 사량면 사량도,34° 50.321',128° 10.619',,
남해,2011,경상남도,통영시 사량면 사량도,34° 50.112',128° 10.703',,
남해,2011,경상남도,통영시 사량면 사량도,34° 50.012',128° 10.768',,
남해,2011,경상남도,통영시 사량면 사량도,34° 49.712',128° 10.830',,
남해,2011,경상남도,통영시 사량면 사량도,34° 50.281',128° 10.869',,
남해,2011,경상남도,통영시 사량면 사량도,34° 49.513',128° 10.899',,
남해,2011,경상남도,통영시 사량면 사량도,34° 51.319',128° 10.916',,
남해,2011,경상남도,통영시 사량면 사량도,34° 50.188',128° 11.026',,
남해,2011,경상남도,통영시 사량면 사량도,34° 50.030',128° 11.061',,
남해,2011,경상남도,통영시 사량면 사량도,34° 49.504',128° 11.061',,
남해,2011,경상남도,통영시 사량면 사량도,34° 49.623',128° 11.071',,
남해,2011,경상남도,통영시 사량면 사량도,34° 51.609',128° 11.194',,
남해,2011,경상남도,통영시 사량면 사량도,34° 51.463',128° 11.234',,
남해,2011,전라남도,"여수시 삼산면 거문도
(거문리)",34° 01.419',127° 19.291',,
남해,2011,전라남도,"여수시 삼산면 거문도
(거문리)",34° 01.234',127° 19.364',,
남해,2011,전라남도,"여수시 삼산면 거문도
(거문리)",34° 01.331',127° 19.394',,
남해,2011,전라남도,"여수시 삼산면 거문도
(거문리)",34° 01.265',127° 19.407',,
남해,2011,전라남도,"여수시 삼산면 거문도
(거문리)",34° 01.360',127° 19.558',,
남해,2011,전라남도,"여수시 삼산면 거문도
(거문리)",34° 01.492',127° 19.578',,
남해,2011,전라남도,"여수시 삼산면 거문도
(거문리)",34° 01.263',127° 19.623',,
제주도,2011,제주도,제주시 애월읍 동귀리,33° 29.348',126° 25.101',,
제주도,2011,제주도,제주시 애월읍 동귀리,33° 29.484',126° 24.241',,
제주도,2011,제주도,제주시 애월읍 동귀리,33° 29.123',126° 24.287',,
제주도,2011,제주도,제주시 애월읍 동귀리,33° 29.783',126° 24.326',,
제주도,2011,제주도,제주시 애월읍 동귀리,33° 29.177',126° 24.482',,
제주도,2011,제주도,제주시 애월읍 동귀리,33° 29.897',126° 24.560',,
제주도,2011,제주도,제주시 애월읍 동귀리,33° 29.393',126° 24.633',,
제주도,2011,제주도,제주시 애월읍 동귀리,33° 29.842',126° 24.752',,
제주도,2011,제주도,서귀포시 하예동,33° 13.636',126° 22.063',,
제주도,2011,제주도,서귀포시 하예동,33° 13.946',126° 22.095',,
제주도,2011,제주도,서귀포시 하예동,33° 13.991',126° 23.059',,
제주도,2011,제주도,서귀포시 하예동,33° 13.825',126° 23.751',,
제주도,2011,제주도,서귀포시 하예동,33° 14.434',126° 23.791',,
제주도,2011,제주도,서귀포시 하예동,33° 14.099',126° 24.334',,
동해,2012,강원도,"강릉시 주문진읍 주문리
(소돌)",37° 55.178',128° 48.608',,
동해,2012,강원도,"강릉시 주문진읍 주문리
(소돌)",37° 55.344',128° 48.783',,
동해,2012,강원도,"강릉시 주문진읍 주문리
(소돌)",37° 55.205',128° 48.993',,
동해,2012,강원도,"강릉시 주문진읍 주문리
(소돌)",37° 55.371',128° 49.168',,
동해,2012,강원도,"강릉시 주문진읍 주문리
(소돌)",37° 54.345',128° 49.865',,
동해,2012,강원도,"강릉시 주문진읍 주문리
(소돌)",37° 54.677',128° 50.215',,
동해,2012,강원도,삼척시 원덕읍 갈남리,37° 17.149',129° 19.268',,
동해,2012,강원도,삼척시 원덕읍 갈남리,37° 17.200',129° 19.587',,
동해,2012,강원도,삼척시 원덕읍 갈남리,37° 16.698',129° 19.811',,
동해,2012,강원도,삼척시 원덕읍 갈남리,37° 16.940',129° 19.923',,
동해,2012,경상북도,포항시 남구 구룡포,35° 59.198',129° 33.723',,
동해,2012,경상북도,포항시 남구 구룡포,35° 59.340',129° 33.723',,
동해,2012,경상북도,포항시 남구 구룡포,35° 59.872',129° 34.128',,
동해,2012,경상북도,포항시 남구 구룡포,35° 59.769',129° 34.365',,
동해,2012,경상북도,포항시 남구 구룡포,35° 59.256',129° 34.402',,
동해,2012,울산광역시,동구 주전동,35° 32.706',129° 27.392',,
동해,2012,울산광역시,동구 주전동,35° 34.005',129° 27.399',,
동해,2012,울산광역시,동구 주전동,35° 32.704',129° 27.921',,
동해,2012,울산광역시,동구 주전동,35° 34.003',129° 27.929',,
서헤,2012,전라북도,군산시 옥도면 무녀도,35° 48.324',126° 26.314',,
서헤,2012,전라북도,군산시 옥도면 무녀도,35° 48.676',126° 26.314',,
서헤,2012,전라북도,군산시 옥도면 무녀도,35° 48.674',126° 25.947',,
서헤,2012,전라북도,군산시 옥도면 무녀도,35° 48.323',126° 25.946',,
서헤,2012,전라북도,부안군 변산면 격포리,35° 37.043',126° 27.375',,
서헤,2012,전라북도,부안군 변산면 격포리,35° 36.387',126° 27.395',,
서헤,2012,전라북도,부안군 변산면 격포리,35° 37.056',126° 27.788',,
서헤,2012,전라북도,부안군 변산면 격포리,35° 36.405',126° 27.803',,
남해,2012,경상남도,통영시 욕지면 초도,34° 37.305',128° 17.825',,
남해,2012,경상남도,통영시 욕지면 초도,34° 37.046',128° 17.923',,
남해,2012,경상남도,통영시 욕지면 초도,34° 37.451',128° 18.006',,
남해,2012,경상남도,통영시 욕지면 초도,34° 37.562',128° 18.024',,
남해,2012,경상남도,통영시 욕지면 초도,34° 37.009',128° 18.247',,
남해,2012,경상남도,통영시 욕지면 초도,34° 36.924',128° 18.357',,
남해,2012,경상남도,통영시 욕지면 초도,34° 36.887',128° 18.528',,
남해,2012,경상남도,통영시 욕지면 초도,34° 36.968',128° 18.618',,
남해,2012,경상남도,통영시 욕지면 초도,34° 37.503',128° 19.020',,
남해,2012,경상남도,통영시 욕지면 초도,34° 37.139',128° 19.100',,
남해,2012,경상남도,통영시 욕지면 초도,34° 37.267',128° 19.620',,
남해,2012,경상남도,통영시 욕지면 초도,34° 37.166',128° 19.621',,
남해,2012,전라남도,완도군 청산면 모서리,34° 12.071',126° 44.885',,
남해,2012,전라남도,완도군 청산면 모서리,34° 11.253',126° 44.915',,
남해,2012,전라남도,완도군 청산면 모서리,34° 11.253',126° 44.982',,
남해,2012,전라남도,완도군 청산면 모서리,34° 11.726',126° 45.038',,
남해,2012,전라남도,완도군 청산면 모서리,34° 11.515',126° 45.140',,
남해,2012,전라남도,완도군 청산면 모서리,34° 12.091',126° 45.147',,
남해,2012,전라남도,완도군 청산면 모서리,34° 11.905',126° 45.188',,
남해,2012,전라남도,완도군 청산면 모서리,34° 12.582',126° 45.262',,
남해,2012,전라남도,완도군 청산면 모서리,34° 12.437',126° 45.284',,
남해,2012,전라남도,완도군 청산면 모서리,34° 12.505',126° 45.531',,
남해,2012,전라남도,완도군 청산면 모서리,34° 12.671',126° 45.794',,
남해,2012,전라남도,완도군 청산면 모서리,34° 12.774',126° 45.842',,
남해,2012,전라남도,완도군 청산면 모서리,34° 12.750',126° 45.858',,
남해,2012,전라남도,완도군 청산면 모서리,34° 12.175',126° 46.164',,
남해,2012,전라남도,완도군 청산면 모서리,34° 12.196',126° 46.219',,
제주,2012,제주도,제주시 조천읍 북촌리,33° 33.184',126° 40.578',,
제주,2012,제주도,제주시 조천읍 북촌리,33° 33.120',126° 40.600',,
제주,2012,제주도,제주시 조천읍 북촌리,33° 33.366',126° 41.299',,
제주,2012,제주도,제주시 조천읍 북촌리,33° 33.702',126° 41.625',,
제주,2012,제주도,제주시 조천읍 북촌리,33° 33.807',126° 42.113',,
제주,2012,제주도,제주시 조천읍 북촌리,33° 33.222',126° 42.393',,
제주,2012,제주도,제주시 조천읍 북촌리,33° 33.628',126° 42.425',,
제주,2012,제주도,서귀포시 대포동,33° 14.008',126° 25.525',,
제주,2012,제주도,서귀포시 대포동,33° 14.225',126° 25.596',,
제주,2012,제주도,서귀포시 대포동,33° 14.159',126° 25.784',,
제주,2012,제주도,서귀포시 대포동,33° 14.028',126° 26.036',,
제주,2012,제주도,서귀포시 대포동,33° 14.334',126° 26.347',,
제주,2012,제주도,서귀포시 대포동,33° 13.827',126° 26.477',,
제주,2012,제주도,서귀포시 대포동,33° 14.226',126° 26.519',,
제주,2012,제주도,서귀포시 대포동,33° 14.421',126° 26.952',,
제주,2012,제주도,서귀포시 대포동,33° 14.292',126° 27.039',,
동해,2013,강원도,강릉시 사천면 사천진리,37° 51.218',128° 51.655',,
동해,2013,강원도,강릉시 사천면 사천진리,37° 51.438',128° 52.015',,
동해,2013,강원도,강릉시 사천면 사천진리,37° 50.110',128° 52.541',,
동해,2013,강원도,강릉시 사천면 사천진리,37° 50.465',128° 52.575',,
동해,2013,강원도,강릉시 사천면 사천진리,37° 50.727',128° 52.769',,
동해,2013,강원도,강릉시 사천면 사천진리,37° 49.521',128° 53.018',,
동해,2013,강원도,강릉시 사천면 사천진리,37° 49.718',128° 53.350',,
동해,2013,강원도,동해시 어달동 어달리,37° 34.311',129° 07.017',,
동해,2013,강원도,동해시 어달동 어달리,37° 33.621',129° 07.356',,
동해,2013,강원도,동해시 어달동 어달리,37° 34.460',129° 07.638',,
동해,2013,강원도,동해시 어달동 어달리,37° 33.706',129° 07.658',,
동해,2013,강원도,동해시 어달동 어달리,37° 34.028',129° 07.775',,
동해,2013,경상북도,포항시 남구 구만2리,36° 04.511',129° 32.260',,
동해,2013,경상북도,포항시 남구 구만2리,36° 04.411',129° 32.390',,
동해,2013,경상북도,포항시 남구 구만2리,36° 04.749',129° 32.541',,
동해,2013,경상북도,포항시 남구 구만2리,36° 05.074',129° 32.604',,
동해,2013,경상북도,포항시 남구 구만2리,36° 05.282',129° 32.831',,
동해,2013,경상북도,포항시 남구 구만2리,36° 05.135',129° 32.982',,
동해,2013,경상북도,영덕군 강구면 삼사리,36° 20.145',129° 22.901',,
동해,2013,경상북도,영덕군 강구면 삼사리,36° 20.623',129° 23.078',,
동해,2013,경상북도,영덕군 강구면 삼사리,36° 20.123',129° 23.102',,
동해,2013,경상북도,영덕군 강구면 삼사리,36° 21.539',129° 23.416',,
동해,2013,경상북도,영덕군 강구면 삼사리,36° 21.257',129° 23.472',,
동해,2013,경상북도,영덕군 강구면 삼사리,36° 20.945',129° 23.518',,
동해,2013,경상북도,영덕군 강구면 삼사리,36° 22.063',129° 23.693',,
동해,2013,경상북도,영덕군 강구면 삼사리,36° 22.181',129° 23.794',,
동해,2013,경상북도,영덕군 강구면 삼사리,36° 28.521',129° 26.002',,
동해,2013,경상북도,영덕군 강구면 삼사리,36° 28.514',129° 26.007',,
동해,2013,경상북도,영덕군 강구면 삼사리,36° 28.869',129° 26.131',,
서해,2013,충청남도,"서산시 대산읍 가로림만
(1단지)",36° 55.199',126° 19.823',,
서해,2013,충청남도,"서산시 대산읍 가로림만
(1단지)",36° 55.389',126° 20.021',,
서해,2013,충청남도,"서산시 대산읍 가로림만
(1단지)",36° 54.887',126° 20.228',,
서해,2013,충청남도,"서산시 대산읍 가로림만
(1단지)",36° 55.043',126° 20.415',,
서해,2013,충청남도,"서산시 대산읍 가로림만
(2단지)",36° 54.784',126° 20.964',,
서해,2013,충청남도,"서산시 대산읍 가로림만
(2단지)",36° 54.886',126° 21.114',,
서해,2013,충청남도,"서산시 대산읍 가로림만
(2단지)",36° 54.426',126° 21.268',,
서해,2013,충청남도,"서산시 대산읍 가로림만
(2단지)",36° 54.524',126° 21.421',,
서해,2013,충청남도,"서산시 대산읍 가로림만
(3단지)",36° 53.622',126° 20.671',,
서해,2013,충청남도,"서산시 대산읍 가로림만
(3단지)",36° 54.014',126° 20.785',,
서해,2013,충청남도,"서산시 대산읍 가로림만
(3단지)",36° 54.017',126° 21.069',,
서해,2013,충청남도,"서산시 대산읍 가로림만
(3단지)",36° 53.623',126° 21.158',,
남해,2013,경상남도,통영시 욕지면 두미도,34° 42.408',128° 09.957',,
남해,2013,경상남도,통영시 욕지면 두미도,34° 42.174',128° 09.959',,
남해,2013,경상남도,통영시 욕지면 두미도,34° 41.747',128° 10.329',,
남해,2013,경상남도,통영시 욕지면 두미도,34° 42.771',128° 10.503',,
남해,2013,경상남도,통영시 욕지면 두미도,34° 42.708',128° 10.979',,
남해,2013,경상남도,통영시 욕지면 두미도,34° 41.349',128° 11.040',,
남해,2013,경상남도,통영시 욕지면 두미도,34° 42.764',128° 11.400',,
남해,2013,경상남도,통영시 욕지면 두미도,34° 41.195',128° 11.550',,
남해,2013,경상남도,통영시 욕지면 두미도,34° 41.375',128° 11.550',,
남해,2013,경상남도,통영시 욕지면 두미도,34° 41.048',128° 11.729',,
남해,2013,경상남도,통영시 욕지면 두미도,34° 42.374',128° 12.091',,
남해,2013,경상남도,통영시 욕지면 두미도,34° 41.604',128° 12.243',,
남해,2013,전라남도,완도군 청산면 모동리,34° 08.945',126° 44.489',,
남해,2013,전라남도,완도군 청산면 모동리,34° 09.383',126° 44.585',,
남해,2013,전라남도,완도군 청산면 모동리,34° 08.508',126° 44.628',,
남해,2013,전라남도,완도군 청산면 모동리,34° 08.488',126° 44.768',,
남해,2013,전라남도,완도군 청산면 모동리,34° 09.542',126° 44.866',,
남해,2013,전라남도,완도군 청산면 모동리,34° 08.800',126° 45.032',,
남해,2013,전라남도,완도군 청산면 모동리,34° 09.523',126° 45.095',,
제주,2013,제주도,제주시 애월읍 고내리,33° 28.398',126° 19.477',,
제주,2013,제주도,제주시 애월읍 고내리,33° 28.281',126° 19.515',,
제주,2013,제주도,제주시 애월읍 고내리,33° 28.087',126° 19.780',,
제주,2013,제주도,제주시 애월읍 고내리,33° 28.465',126° 20.217',,
제주,2013,제주도,제주시 애월읍 고내리,33° 28.825',126° 20.833',,
제주,2013,제주도,제주시 애월읍 고내리,33° 28.415',126° 21.120',,
제주,2013,제주도,서귀포시 성산읍 고성?신양리,33° 25.172',126° 55.601',,
제주,2013,제주도,서귀포시 성산읍 고성?신양리,33° 26.470',126° 55.722',,
제주,2013,제주도,서귀포시 성산읍 고성?신양리,33° 25.401',126° 55.775',,
제주,2013,제주도,서귀포시 성산읍 고성?신양리,33° 25.114',126° 55.822',,
제주,2013,제주도,서귀포시 성산읍 고성?신양리,33° 27.256',126° 55.981',,
제주,2013,제주도,서귀포시 성산읍 고성?신양리,33° 25.821',126° 56.095',,
제주,2013,제주도,서귀포시 성산읍 고성?신양리,33° 25.958',126° 56.204',,
제주,2013,제주도,서귀포시 성산읍 고성?신양리,33° 27.275',126° 56.229',,
제주,2013,제주도,서귀포시 성산읍 고성?신양리,33° 25.784',126° 56.401',,
동해,2014,강원도,양양군 강현면 물치리,38° 09.567',128° 36.568',,
동해,2014,강원도,양양군 강현면 물치리,38° 08.445',128° 36.905',,
동해,2014,강원도,양양군 강현면 물치리,38° 09.614',128° 37.111',,
동해,2014,강원도,양양군 강현면 물치리,38° 08.664',128° 37.362',,
동해,2014,강원도,"강릉시 주문진읍 주문리
(주문5리)",37° 54.400',128° 49.754',,
동해,2014,강원도,"강릉시 주문진읍 주문리
(주문5리)",37° 54.190',128° 49.769',,
동해,2014,강원도,"강릉시 주문진읍 주문리
(주문5리)",37° 54.047',128° 49.907',,
동해,2014,강원도,"강릉시 주문진읍 주문리
(주문5리)",37° 54.011',128° 49.995',,
동해,2014,강원도,"강릉시 주문진읍 주문리
(주문5리)",37° 53.883',128° 50.075',,
동해,2014,강원도,"강릉시 주문진읍 주문리
(주문5리)",37° 53.884',128° 50.075',,
동해,2014,강원도,"강릉시 주문진읍 주문리
(주문5리)",37° 53.883',128° 50.076',,
동해,2014,강원도,"강릉시 주문진읍 주문리
(주문5리)",37° 54.531',128° 50.144',,
동해,2014,강원도,"강릉시 주문진읍 주문리
(주문5리)",37° 54.111',128° 50.481',,
동해,2014,강원도,"강릉시 주문진읍 주문리
(주문5리)",37° 53.937',128° 50.601',,
동해,2014,경상북도,포항시 남구 삼정3리,36° 00.226',129° 34.355',,
동해,2014,경상북도,포항시 남구 삼정3리,36° 00.243',129° 34.425',,
동해,2014,경상북도,포항시 남구 삼정3리,36° 00.312',129° 34.524',,
동해,2014,경상북도,포항시 남구 삼정3리,36° 00.422',129° 34.550',,
동해,2014,경상북도,포항시 남구 삼정3리,36° 00.031',129° 34.593',,
동해,2014,경상북도,포항시 남구 삼정3리,36° 00.619',129° 34.641',,
동해,2014,경상북도,포항시 남구 삼정3리,36° 00.288',129° 34.787',,
동해,2014,경상북도,포항시 남구 삼정3리,36° 00.625',129° 34.954',,
동해,2014,경상북도,포항시 북구 방어리,36° 12.276',129° 22.666',,
동해,2014,경상북도,포항시 북구 방어리,36° 12.435',129° 22.667',,
동해,2014,경상북도,포항시 북구 방어리,36° 13.102',129° 23.165',,
동해,2014,경상북도,포항시 북구 방어리,36° 13.133',129° 23.456',,
동해,2014,경상북도,포항시 북구 방어리,36° 12.623',129° 23.651',,
동해,2014,경상북도,울릉군 서면 태하리,37° 30.790',130° 47.611',,
동해,2014,경상북도,울릉군 서면 태하리,37° 30.815',130° 47.749',,
동해,2014,경상북도,울릉군 서면 태하리,37° 30.574',130° 47.791',,
동해,2014,경상북도,울릉군 서면 태하리,37° 30.668',130° 47.885',,
동해,2014,경상북도,영덕군 원척리?경정리,36° 17.767',129° 22.765',,
동해,2014,경상북도,영덕군 원척리?경정리,36° 18.584',129° 22.786',,
동해,2014,경상북도,영덕군 원척리?경정리,36° 18.622',129° 22.960',,
동해,2014,경상북도,영덕군 원척리?경정리,36° 17.765',129° 23.052',,
동해,2014,부산광역시 ,남구 용호동,35° 05.814',129° 07.210',,
동해,2014,부산광역시 ,남구 용호동,35° 05.975',129° 07.265',,
동해,2014,부산광역시 ,남구 용호동,35° 07.801',129° 07.292',,
동해,2014,부산광역시 ,남구 용호동,35° 07.936',129° 07.294',,
동해,2014,부산광역시 ,남구 용호동,35° 07.937',129° 07.324',,
동해,2014,부산광역시 ,남구 용호동,35° 05.879',129° 07.392',,
동해,2014,부산광역시 ,남구 용호동,35° 06.200',129° 07.449',,
동해,2014,부산광역시 ,남구 용호동,35° 06.035',129° 07.509',,
동해,2014,부산광역시 ,남구 용호동,35° 07.287',129° 07.512',,
동해,2014,부산광역시 ,남구 용호동,35° 05.428',129° 07.571',,
동해,2014,부산광역시 ,남구 용호동,35° 06.792',129° 07.618',,
동해,2014,부산광역시 ,남구 용호동,35° 05.435',129° 07.705',,
동해,2014,부산광역시 ,남구 용호동,35° 06.681',129° 07.759',,
동해,2014,부산광역시 ,남구 용호동,35° 07.113',129° 07.782',,
서해,2014,경기도,안산시 단원구 육도,37° 05.453',126° 26.505',,
서해,2014,경기도,안산시 단원구 육도,37° 06.444',126° 26.721',,
서해,2014,경기도,안산시 단원구 육도,37° 05.453',126° 26.885',,
서해,2014,경기도,안산시 단원구 육도,37° 06.177',126° 26.997',,
서해,2014,경기도,안산시 단원구 육도,37° 06.142',126° 26.999',,
서해,2014,경기도,안산시 단원구 육도,37° 06.070',126° 27.002',,
서해,2014,경기도,안산시 단원구 육도,37° 06.000',126° 27.006',,
서해,2014,경기도,안산시 단원구 육도,37° 05.558',126° 27.006',,
서해,2014,경기도,안산시 단원구 육도,37° 05.765',126° 27.017',,
서해,2014,경기도,안산시 단원구 육도,37° 05.693',126° 27.021',,
서해,2014,경기도,안산시 단원구 육도,37° 06.223',126° 27.229',,
서해,2014,경기도,안산시 단원구 육도,37° 06.450',126° 27.235',,
서해,2014,인천광역시,"옹진군 덕적면 덕적도
(1단지)",37° 13.789',126° 05.025',,
서해,2014,인천광역시,"옹진군 덕적면 덕적도
(1단지)",37° 13.483',126° 05.171',,
서해,2014,인천광역시,"옹진군 덕적면 덕적도
(1단지)",37° 14.185',126° 05.181',,
서해,2014,인천광역시,"옹진군 덕적면 덕적도
(1단지)",37° 14.780',126° 05.281',,
서해,2014,인천광역시,"옹진군 덕적면 덕적도
(1단지)",37° 14.774',126° 05.397',,
서해,2014,인천광역시,"옹진군 덕적면 덕적도
(2단지)",37° 11.743',126° 07.924',,
서해,2014,인천광역시,"옹진군 덕적면 덕적도
(2단지)",37° 11.521',126° 08.069',,
서해,2014,인천광역시,"옹진군 덕적면 덕적도
(2단지)",37° 11.563',126° 08.383',,
서해,2014,인천광역시,"옹진군 덕적면 덕적도
(2단지)",37° 11.803',126° 08.404',,
서해,2014,인천광역시,"옹진군 덕적면 덕적도
(2단지)",37° 11.651',126° 08.536',,
남해,2014,경상남도,남해군 이동면 용소리,34° 46.075',127° 54.645',,
남해,2014,경상남도,남해군 이동면 용소리,34° 45.835',127° 54.850',,
남해,2014,경상남도,남해군 이동면 용소리,34° 46.530',127° 55.753',,
남해,2014,경상남도,남해군 이동면 용소리,34° 46.500',127° 56.301',,
남해,2014,경상남도,남해군 이동면 용소리,34° 46.323',127° 56.319',,
남해,2014,경상남도,통영시 욕지면 적도,34° 39.494',128° 18.647',,
남해,2014,경상남도,통영시 욕지면 적도,34° 39.756',128° 18.700',,
남해,2014,경상남도,통영시 욕지면 적도,34° 39.898',128° 18.831',,
남해,2014,경상남도,통영시 욕지면 적도,34° 39.323',128° 19.000',,
남해,2014,경상남도,통영시 욕지면 적도,34° 39.926',128° 19.035',,
남해,2014,경상남도,통영시 욕지면 적도,34° 39.397',128° 19.226',,
남해,2014,전라남도,무안군 운남면 성내리,34° 54.952',126° 19.783',,
남해,2014,전라남도,무안군 운남면 성내리,34° 54.808',126° 20.645',,
남해,2014,전라남도,무안군 운남면 성내리,34° 55.011',126° 21.146',,
남해,2014,전라남도,무안군 운남면 성내리,34° 55.279',126° 21.199',,
남해,2014,전라남도,무안군 운남면 성내리,34° 55.319',126° 21.164',,
남해,2014,전라남도,무안군 운남면 성내리,34° 55.285',126° 21.094',,
남해,2014,전라남도,무안군 운남면 성내리,34° 55.075',126° 21.048',,
남해,2014,전라남도,무안군 운남면 성내리,34° 54.891',126° 20.601',,
남해,2014,전라남도,무안군 운남면 성내리,34° 55.013',126° 19.881',,
남해,2014,전라남도,무안군 운남면 성내리,34° 54.986',126° 19.779',,
남해,2014,전라남도,완도군 청산면 소모도,34° 13.137',126° 45.390',,
남해,2014,전라남도,완도군 청산면 소모도,34° 13.044',126° 45.530',,
남해,2014,전라남도,완도군 청산면 소모도,34° 12.969',126° 45.672',,
남해,2014,전라남도,완도군 청산면 소모도,34° 14.058',126° 45.841',,
남해,2014,전라남도,완도군 청산면 소모도,34° 13.173',126° 45.965',,
남해,2014,전라남도,완도군 청산면 소모도,34° 13.083',126° 46.623',,
남해,2014,전라남도,완도군 청산면 소모도,34° 13.436',126° 46.690',,
남해,2014,전라남도,완도군 청산면 소모도,34° 13.646',126° 46.753',,
남해,2014,전라남도,여수시 삼산면 초도,34° 13.068',127° 13.441',,
남해,2014,여수시 삼산면,삼산_초도,34° 13.557',127° 13.585',,
남해,2014,여수시 삼산면,삼산_초도,34° 13.990',127° 13.791',,
남해,2014,여수시 삼산면,삼산_초도,34° 14.860',127° 14.549',,
남해,2014,여수시 삼산면,삼산_초도,34° 15.161',127° 15.104',,
남해,2014,여수시 삼산면,삼산_초도,34° 12.585',127° 15.579',,
남해,2014,여수시 삼산면,삼산_초도,34° 13.580',127° 15.891',,
남해,2014,여수시 삼산면,삼산_초도,34° 14.755',127° 15.909',,
제주,2014,제주도,제주시 조천읍 신흥리,33° 33.656',126° 38.054',,
제주,2014,제주도,제주시 조천읍 신흥리,33° 33.297',126° 38.317',,
제주,2014,제주도,제주시 조천읍 신흥리,33° 33.932',126° 38.347',,
제주,2014,제주도,제주시 조천읍 신흥리,33° 33.036',126° 38.469',,
제주,2014,제주도,제주시 조천읍 신흥리,33° 33.344',126° 38.637',,
제주,2014,제주도,제주시 조천읍 신흥리,33° 33.682',126° 38.710',,
제주,2014,제주도,제주시 구좌읍 행원리,33° 33.365',126° 47.970',,
제주,2014,제주도,제주시 구좌읍 행원리,33° 34.029',126° 47.992',,
제주,2014,제주도,제주시 구좌읍 행원리,33° 33.426',126° 48.519',,
제주,2014,제주도,제주시 구좌읍 행원리,33° 33.526',126° 48.695',,
제주,2014,제주도,제주시 구좌읍 행원리,33° 33.616',126° 49.073',,
제주,2014,제주도,제주시 구좌읍 행원리,33° 34.047',126° 49.186',,
제주,2014,제주도,제주시 구좌읍 행원리,33° 33.531',126° 49.467',,
제주,2014,제주도,제주시 구좌읍 행원리,33° 34.002',126° 49.654',,
제주,2014,제주도,서귀포시 보목동,33° 14.611',126° 35.312',,
제주,2014,제주도,서귀포시 보목동,33° 13.855',126° 35.328',,
제주,2014,제주도,서귀포시 보목동,33° 14.199',126° 35.803',,
제주,2014,제주도,서귀포시 보목동,33° 13.677',126° 35.903',,
제주,2014,제주도,서귀포시 보목동,33° 13.658',126° 36.261',,
제주,2014,제주도,서귀포시 보목동,33° 14.391',126° 36.281',,
제주,2014,제주도,서귀포시 보목동,33° 13.903',126° 36.860',,
제주,2014,제주도,서귀포시 보목동,33° 14.458',126° 36.860',,
제주,2014,제주도,서귀포시 보목동,33° 14.019',126° 36.934',,
제주,2014,제주도,서귀포시 남원읍 남원리,33° 16.203',126° 41.535',,
제주,2014,서귀포시 남원,서귀포시 남원읍 남원리,33° 15.986',126° 41.553',,
제주,2014,서귀포시 남원,서귀포시 남원읍 남원리,33° 16.266',126° 42.676',,
제주,2014,서귀포시 남원,서귀포시 남원읍 남원리,33° 16.128',126° 43.161',,
제주,2014,서귀포시 남원,서귀포시 남원읍 남원리,33° 16.739',126° 43.692',,
제주,2014,서귀포시 남원,서귀포시 남원읍 남원리,33° 16.736',126° 43.743',,
제주,2014,서귀포시 남원,서귀포시 남원읍 남원리,33° 16.378',126° 44.138',,
제주,2014,제주도,서귀포시 표선면 표선리,33° 18.391',126° 48.870',,
제주,2014,서귀포시 표선,서귀포시 표선면 표선리,33° 18.465',126° 48.960',,
제주,2014,서귀포시 표선,서귀포시 표선면 표선리,33° 17.834',126° 49.479',,
제주,2014,서귀포시 표선,서귀포시 표선면 표선리,33° 18.597',126° 49.956',,
제주,2014,서귀포시 표선,서귀포시 표선면 표선리,33° 18.170',126° 50.335',,
제주,2014,서귀포시 표선,서귀포시 표선면 표선리,33° 19.130',126° 50.584',,
제주,2014,서귀포시 표선,서귀포시 표선면 표선리,33° 19.529',126° 50.697',,
제주,2014,서귀포시 표선,서귀포시 표선면 표선리,33° 19.754',126° 50.778',,
제주,2014,서귀포시 표선,서귀포시 표선면 표선리,33° 19.198',126° 51.186',,
제주,2014,서귀포시 표선,서귀포시 표선면 표선리,33° 19.413',126° 51.271',,
동해,2015,강원도,강릉시 연곡면 영진리,37° 52.712',128° 50.114',,
동해,2015,강원도,강릉시 연곡면 영진리,37° 52.943',128° 50.493',,
동해,2015,강원도,강릉시 연곡면 영진리,37° 52.858',128° 50.758',,
동해,2015,강원도,강릉시 연곡면 영진리,37° 51.189',128° 51.687',,
동해,2015,강원도,강릉시 연곡면 영진리,37° 51.483',128° 52.168',,
동해,2015,강원도,동해시 대진동,37° 35.619',129° 05.485',,
동해,2015,강원도,동해시 대진동,37° 35.935',129° 05.848',,
동해,2015,강원도,동해시 대진동,37° 34.886',129° 06.630',,
동해,2015,강원도,동해시 대진동,37° 34.306',129° 07.019',,
동해,2015,강원도,동해시 대진동,37° 34.852',129° 07.498',,
동해,2015,강원도,동해시 대진동,37° 34.419',129° 07.632',,
동해,2015,경상북도,영덕군 병곡면 백석2리,36° 36.565',129° 24.851',,
동해,2015,경상북도,영덕군 병곡면 백석2리,36° 36.543',129° 24.872',,
동해,2015,경상북도,영덕군 병곡면 백석2리,36° 36.554',129° 25.003',,
동해,2015,경상북도,영덕군 병곡면 백석2리,36° 38.091',129° 25.017',,
동해,2015,경상북도,영덕군 병곡면 백석2리,36° 38.089',129° 25.236',,
동해,2015,경상북도,포항시 남구 강사2리,36° 03.777',129° 34.481',,
동해,2015,경상북도,포항시 남구 강사2리,36° 03.955',129° 34.722',,
동해,2015,경상북도,포항시 남구 강사2리,36° 02.793',129° 34.995',,
동해,2015,경상북도,포항시 남구 강사2리,36° 02.793',129° 35.057',,
동해,2015,경상북도,포항시 남구 강사2리,36° 02.814',129° 35.102',,
동해,2015,경상북도,"울릉군 북면 천부3, 4리",37° 32.919',130° 52.717',,
동해,2015,경상북도,"울릉군 북면 천부3, 4리",37° 32.906',130° 53.524',,
동해,2015,경상북도,"울릉군 북면 천부3, 4리",37° 32.803',130° 53.522',,
동해,2015,경상북도,"울릉군 북면 천부3, 4리",37° 32.666',130° 53.648',,
동해,2015,경상북도,"울릉군 북면 천부3, 4리",37° 32.579',130° 53.593',,
동해,2015,경상북도,"울릉군 북면 천부3, 4리",37° 32.528',130° 53.439',,
동해,2015,경상북도,"울릉군 북면 천부3, 4리",37° 32.633',130° 53.235',,
동해,2015,경상북도,"울릉군 북면 천부3, 4리",37° 32.641',130° 53.710',,
동해,2015,울산광역시 ,동구 일산동,35° 29.981',129° 26.227',,
동해,2015,울산광역시 ,동구 일산동,35° 29.606',129° 26.247',,
동해,2015,울산광역시 ,동구 일산동,35° 29.851',129° 26.254',,
동해,2015,울산광역시 ,동구 일산동,35° 29.739',129° 26.273',,
동해,2015,울산광역시 ,동구 일산동,35° 29.103',129° 26.275',,
동해,2015,울산광역시 ,동구 일산동,35° 29.076',129° 26.276',,
동해,2015,울산광역시 ,동구 일산동,35° 29.016',129° 26.353',,
동해,2015,울산광역시 ,동구 일산동,35° 29.420',129° 26.394',,
동해,2015,울산광역시 ,동구 일산동,35° 29.356',129° 26.445',,
동해,2015,울산광역시 ,동구 일산동,35° 29.872',129° 26.446',,
동해,2015,울산광역시 ,동구 일산동,35° 29.715',129° 26.481',,
동해,2015,울산광역시 ,동구 일산동,35° 29.774',129° 26.491',,
동해,2015,울산광역시 ,동구 일산동,35° 29.912',129° 26.493',,
동해,2015,울산광역시 ,동구 일산동,35° 29.719',129° 26.551',,
동해,2015,울산광역시 ,동구 일산동,35° 29.266',129° 26.555',,
동해,2015,울산광역시 ,동구 일산동,35° 29.492',129° 26.588',,
동해,2015,울산광역시 ,동구 일산동,35° 29.685',129° 26.641',,
동해,2015,울산광역시 ,동구 일산동,35° 29.568',129° 26.642',,
동해,2015,울산광역시 ,동구 일산동,35° 29.424',129° 26.676',,
동해,2015,울산광역시 ,동구 일산동,35° 29.412',129° 26.771',,
동해,2015,울산광역시 ,동구 일산동,35° 29.449',129° 26.827',,
동해,2015,부산광역시,기장군 장안읍 월내리,35° 19.282',129° 16.053',,
동해,2015,부산광역시,기장군 장안읍 월내리,35° 19.264',129° 16.072',,
동해,2015,부산광역시,기장군 장안읍 월내리,35° 19.392',129° 16.121',,
동해,2015,부산광역시,기장군 장안읍 월내리,35° 19.103',129° 16.322',,
동해,2015,부산광역시,기장군 장안읍 월내리,35° 19.509',129° 16.500',,
동해,2015,부산광역시,기장군 장안읍 월내리,35° 19.345',129° 16.521',,
동해,2015,부산광역시,기장군 장안읍 월내리,35° 19.550',129° 16.714',,
동해,2015,부산광역시,기장군 장안읍 월내리,35° 19.587',129° 16.886',,
동해,2015,부산광역시,기장군 장안읍 월내리,35° 19.438',129° 16.921',,
동해,2015,부산광역시,기장군 장안읍 길천리,35° 19.353',129° 15.985',,
동해,2015,부산광역시,기장군 장안읍 길천리,35° 19.282',129° 16.053',,
동해,2015,부산광역시,기장군 장안읍 길천리,35° 19.264',129° 16.072',,
동해,2015,부산광역시,기장군 장안읍 길천리,35° 19.500',129° 16.197',,
동해,2015,부산광역시,기장군 장안읍 길천리,35° 19.001',129° 16.435',,
동해,2015,부산광역시,기장군 장안읍 길천리,35° 19.104',129° 16.599',,
동해,2015,부산광역시,기장군 장안읍 길천리,35° 19.197',129° 16.865',,
동해,2015,부산광역시,기장군 장안읍 길천리,35° 19.638',129° 16.873',,
동해,2015,부산광역시,기장군 장안읍 길천리,35° 19.217',129° 17.157',,
동해,2015,부산광역시,기장군 장안읍 길천리,35° 19.545',129° 17.172',,
동해,2015,부산광역시,기장군 장안읍 길천리,35° 19.291',129° 17.300',,
동해,2015,부산광역시,기장군 장안읍 길천리,35° 19.364',129° 17.303',,
서해,2015,인천광역시,옹진군 자월면 사승봉도,37° 08.457',126° 16.616',,
서해,2015,인천광역시,옹진군 자월면 사승봉도,37° 08.994',126° 16.694',,
서해,2015,인천광역시,옹진군 자월면 사승봉도,37° 08.419',126° 16.975',,
서해,2015,인천광역시,옹진군 자월면 사승봉도,37° 09.014',126° 17.018',,
서해,2015,인천광역시,옹진군 대청면 대청도,37° 47.905',124° 40.940',,
서해,2015,인천광역시,옹진군 대청면 대청도,37° 47.786',124° 40.979',,
서해,2015,인천광역시,옹진군 대청면 대청도,37° 48.258',124° 41.475',,
서해,2015,인천광역시,옹진군 대청면 대청도,37° 48.375',124° 42.000',,
서해,2015,인천광역시,옹진군 대청면 대청도,37° 48.455',124° 42.740',,
서해,2015,인천광역시,옹진군 대청면 대청도,37° 48.392',124° 42.894',,
서해,2015,인천광역시,옹진군 대청면 대청도,37° 49.178',124° 43.218',,
서해,2015,인천광역시,옹진군 대청면 대청도,37° 49.201',124° 43.347',,
서해,2015,충청남도,보령시 오천면 녹도리,36° 16.068',126° 14.944',,
서해,2015,충청남도,보령시 오천면 녹도리,36° 16.794',126° 14.994',,
서해,2015,충청남도,보령시 오천면 녹도리,36° 16.069',126° 15.626',,
서해,2015,충청남도,보령시 오천면 녹도리,36° 16.562',126° 15.666',,
서해,2015,충청남도,보령시 오천면 녹도리,36° 16.288',126° 15.722',,
서해,2015,충청남도,보령시 오천면 녹도리,36° 16.663',126° 16.072',,
서해,2015,충청남도,보령시 오천면 녹도리,36° 16.829',126° 16.311',,
서해,2015,전라북도,부안군 위도면 위도,35° 35.331',126° 14.974',,
서해,2015,전라북도,부안군 위도면 위도,35° 35.452',126° 15.032',,
서해,2015,전라북도,부안군 위도면 위도,35° 35.726',126° 15.244',,
서해,2015,전라북도,부안군 위도면 위도,35° 35.881',126° 15.423',,
남해,2015,경상남도,거제시 남부면 저구리,34° 41.830',128° 34.640',,
남해,2015,경상남도,거제시 남부면 저구리,34° 42.086',128° 34.673',,
남해,2015,경상남도,거제시 남부면 저구리,34° 41.868',128° 34.935',,
남해,2015,경상남도,거제시 남부면 저구리,34° 41.654',128° 35.552',,
남해,2015,경상남도,거제시 남부면 저구리,34° 41.384',128° 35.755',,
남해,2015,경상남도,거제시 남부면 저구리,34° 42.249',128° 35.956',,
남해,2015,경상남도,거제시 남부면 저구리,34° 42.086',128° 36.570',,
남해,2015,경상남도,거제시 남부면 저구리,34° 41.518',128° 36.585',,
남해,2015,경상남도,거제시 남부면 저구리,34° 42.341',128° 36.897',,
남해,2015,경상남도,거제시 남부면 저구리,34° 42.339',128° 37.086',,
남해,2015,경상남도,거제시 남부면 저구리,34° 42.218',128° 37.346',,
남해,2015,경상남도,사천시 신수동 신수도,34° 53.152',128° 04.085',,
남해,2015,경상남도,사천시 신수동 신수도,34° 54.652',128° 04.127',,
남해,2015,경상남도,사천시 신수동 신수도,34° 53.155',128° 05.058',,
남해,2015,경상남도,사천시 신수동 신수도,34° 54.653',128° 05.078',,
남해,2015,경상남도,고성군 회화면 당항리,35° 02.796',128° 22.826',,
남해,2015,경상남도,고성군 회화면 당항리,35° 02.658',128° 22.830',,
남해,2015,경상남도,고성군 회화면 당항리,35° 02.649',128° 23.110',,
남해,2015,경상남도,고성군 회화면 당항리,35° 03.346',128° 24.730',,
남해,2015,경상남도,고성군 회화면 당항리,35° 03.411',128° 24.874',,
남해,2015,경상남도,고성군 회화면 당항리,35° 03.311',128° 24.884',,
남해,2015,경상남도,고성군 회화면 당항리,35° 03.609',128° 24.902',,
남해,2015,경상남도,고성군 회화면 당항리,35° 03.487',128° 24.928',,
남해,2015,경상남도,고성군 회화면 당항리,35° 03.539',128° 25.023',,
남해,2015,전라남도,여수시 남면 연도,34° 27.722',127° 46.600',,
남해,2015,전라남도,여수시 남면 연도,34° 24.438',127° 46.625',,
남해,2015,전라남도,여수시 남면 연도,34° 24.431',127° 49.304',,
남해,2015,전라남도,여수시 남면 연도,34° 27.741',127° 49.350',,
남해,2015,전라남도,고흥군 봉래면 외나로도B,34° 28.434',127° 30.283',,
남해,2015,전라남도,고흥군 봉래면 외나로도B,34° 28.520',127° 30.436',,
남해,2015,전라남도,고흥군 봉래면 외나로도B,34° 27.725',127° 30.821',,
남해,2015,전라남도,고흥군 봉래면 외나로도B,34° 27.232',127° 31.216',,
남해,2015,전라남도,고흥군 봉래면 외나로도B,34° 27.471',127° 31.266',,
남해,2015,전라남도,고흥군 봉래면 외나로도B,34° 26.846',127° 32.261',,
남해,2015,전라남도,고흥군 봉래면 외나로도B,34° 26.906',127° 32.437',,
제주,2015,제주도,제주시 구좌읍 김녕리,33° 33.982',126° 43.332',,
제주,2015,제주도,제주시 구좌읍 김녕리,33° 33.725',126° 43.352',,
제주,2015,제주도,제주시 구좌읍 김녕리,33° 33.466',126° 43.444',,
제주,2015,제주도,제주시 구좌읍 김녕리,33° 34.245',126° 43.865',,
제주,2015,제주도,제주시 구좌읍 김녕리,33° 34.077',126° 43.869',,
제주,2015,제주도,제주시 구좌읍 김녕리,33° 33.923',126° 43.934',,
제주,2015,제주도,제주시 구좌읍 김녕리,33° 34.555',126° 45.442',,
제주,2015,제주도,제주시 구좌읍 김녕리,33° 33.702',126° 45.698',,
제주,2015,제주도,제주시 구좌읍 김녕리,33° 33.858',126° 46.538',,
제주,2015,제주도,제주시 구좌읍 김녕리,33° 34.442',126° 46.703',,
제주,2015,제주도,제주시 한림읍 비양리,33° 24.286',126° 12.239',,
제주,2015,제주도,제주시 한림읍 비양리,33° 24.500',126° 12.305',,
제주,2015,제주도,제주시 한림읍 비양리,33° 25.060',126° 12.479',,
제주,2015,제주도,제주시 한림읍 비양리,33° 24.843',126° 12.539',,
제주,2015,제주도,제주시 한림읍 비양리,33° 25.593',126° 12.961',,
제주,2015,제주도,제주시 한림읍 비양리,33° 24.370',126° 13.355',,
제주,2015,제주도,제주시 한림읍 비양리,33° 25.476',126° 13.788',,
제주,2015,제주도,제주시 한림읍 비양리,33° 24.361',126° 13.790',,
제주,2015,제주도,제주시 한림읍 비양리,33° 23.992',126° 13.817',,
제주,2015,제주도,제주시 한림읍 비양리,33° 24.942',126° 13.860',,
제주,2015,제주도,제주시 한림읍 비양리,33° 24.376',126° 14.255',,
제주,2015,제주도,제주시 한림읍 비양리,33° 24.681',126° 14.334',,
제주,2015,제주도,서귀포시 표선면 세화리,33° 18.273',126° 47.668',,
제주,2015,제주도,서귀포시 표선면 세화리,33° 18.044',126° 47.730',,
제주,2015,제주도,서귀포시 표선면 세화리,33° 18.349',126° 48.355',,
제주,2015,제주도,서귀포시 표선면 세화리,33° 18.374',126° 48.867',,
제주,2015,제주도,서귀포시 표선면 세화리,33° 17.852',126° 48.995',,
제주,2015,제주도,서귀포시 표선면 세화리,33° 17.896',126° 49.363',,
제주,2015,제주도,서귀포시 남원읍 하례리,33° 15.099',126° 37.512',,
제주,2015,제주도,서귀포시 남원읍 하례리,33° 14.524',126° 37.572',,
제주,2015,제주도,서귀포시 남원읍 하례리,33° 15.280',126° 37.806',,
제주,2015,제주도,서귀포시 남원읍 하례리,33° 15.401',126° 38.103',,
제주,2015,제주도,서귀포시 남원읍 하례리,33° 15.750',126° 38.526',,
제주,2015,제주도,서귀포시 남원읍 하례리,33° 15.457',126° 38.899',,
동해,2016,강원도,고성군 토성면 교암리,38° 17.484',128° 32.824',,
동해,2016,강원도,고성군 토성면 교암리,38° 17.223',128° 32.920',,
동해,2016,강원도,고성군 토성면 교암리,38° 17.767',128° 33.020',,
동해,2016,강원도,고성군 토성면 교암리,38° 17.234',128° 33.063',,
동해,2016,강원도,고성군 토성면 교암리,38° 16.936',128° 33.162',,
동해,2016,강원도,고성군 토성면 교암리,38° 17.936',128° 33.162',,
동해,2016,강원도,고성군 토성면 교암리,38° 17.366',128° 33.654',,
동해,2016,강원도,고성군 토성면 교암리,38° 16.764',128° 33.833',,
동해,2016,강원도,속초시 교동,38° 13.324',128° 35.445',,
동해,2016,강원도,속초시 교동,38° 13.500',128° 35.961',,
동해,2016,강원도,속초시 교동,38° 11.905',128° 36.870',,
동해,2016,강원도,속초시 교동,38° 12.182',128° 37.002',,
동해,2016,강원도,속초시 교동,38° 11.940',128° 37.033',,
동해,2016,강원도,양양군 강현면 전진2리,38° 07.691',128° 37.785',,
동해,2016,강원도,양양군 강현면 전진2리,38° 07.724',128° 37.858',,
동해,2016,강원도,양양군 강현면 전진2리,38° 07.456',128° 37.920',,
동해,2016,강원도,양양군 강현면 전진2리,38° 07.300',128° 37.923',,
동해,2016,강원도,양양군 강현면 전진2리,38° 07.437',128° 38.096',,
동해,2016,강원도,양양군 강현면 전진2리,38° 07.303',128° 38.096',,
동해,2016,강원도,양양군 강현면 전진2리,38° 07.010',128° 38.116',,
동해,2016,강원도,양양군 강현면 전진2리,38° 07.123',128° 38.356',,
동해,2016,강원도,"양양군 현남면 남애1, 2리",37° 57.070',128° 46.611',,
동해,2016,강원도,"양양군 현남면 남애1, 2리",37° 57.247',128° 46.925',,
동해,2016,강원도,"양양군 현남면 남애1, 2리",37° 56.714',128° 47.221',,
동해,2016,강원도,"양양군 현남면 남애1, 2리",37° 56.402',128° 47.316',,
동해,2016,강원도,"양양군 현남면 남애1, 2리",37° 56.893',128° 47.327',,
동해,2016,강원도,"양양군 현남면 남애1, 2리",37° 56.576',128° 47.515',,
동해,2016,강원도,"양양군 현남면 남애1, 2리",37° 56.629',128° 47.533',,
동해,2016,강원도,"양양군 현남면 남애1, 2리",37° 55.425',128° 48.107',,
동해,2016,강원도,"양양군 현남면 남애1, 2리",37° 55.480',128° 48.581',,
동해,2016,경상북도,포항시 북구 오도2리,36° 09.149',129° 24.127',,
동해,2016,경상북도,포항시 북구 오도2리,36° 09.184',129° 24.127',,
동해,2016,경상북도,포항시 북구 오도2리,36° 09.110',129° 24.151',,
동해,2016,경상북도,포항시 북구 오도2리,36° 09.116',129° 24.184',,
동해,2016,경상북도,포항시 북구 오도2리,36° 09.149',129° 24.188',,
동해,2016,경상북도,포항시 북구 오도2리,36° 09.149',129° 24.249',,
동해,2016,경상북도,포항시 북구 오도2리,36° 09.184',129° 24.249',,
동해,2016,경상북도,경주시 감포읍 연동리,35° 49.391',129° 30.573',,
동해,2016,경상북도,경주시 감포읍 연동리,35° 49.374',129° 30.575',,
동해,2016,경상북도,경주시 감포읍 연동리,35° 49.342',129° 30.700',,
동해,2016,경상북도,경주시 감포읍 연동리,35° 50.020',129° 30.866',,
동해,2016,경상북도,경주시 감포읍 연동리,35° 49.844',129° 30.926',,
동해,2016,경상북도,경주시 감포읍 연동리,35° 50.518',129° 31.079',,
동해,2016,경상북도,경주시 감포읍 연동리,35° 50.534',129° 31.193',,
동해,2016,경상북도,경주시 감포읍 연동리,35° 50.211',129° 31.435',,
동해,2016,경상북도,포항시 남구 석병2리,36° 01.944',129° 34.687',,
동해,2016,경상북도,포항시 남구 석병2리,36° 01.073',129° 34.963',,
동해,2016,경상북도,포항시 남구 석병2리,36° 02.081',129° 35.050',,
동해,2016,경상북도,포항시 남구 석병2리,36° 01.098',129° 35.147',,
동해,2016,경상북도,울진군 매화면 덕신리,36° 53.490',129° 25.222',,
동해,2016,경상북도,울진군 매화면 덕신리,36° 53.490',129° 25.303',,
동해,2016,경상북도,울진군 매화면 덕신리,36° 52.295',129° 25.326',,
동해,2016,경상북도,울진군 매화면 덕신리,36° 53.266',129° 25.692',,
동해,2016,경상북도,울진군 매화면 덕신리,36° 53.394',129° 26.283',,
동해,2016,경상북도,울진군 매화면 덕신리,36° 52.542',129° 26.526',,
동해,2016,경상북도,포항시 북구 오도1리,36° 09.792',129° 24.165',,
동해,2016,경상북도,포항시 북구 오도1리,36° 09.987',129° 24.175',,
동해,2016,경상북도,포항시 북구 오도1리,36° 09.884',129° 24.318',,
동해,2016,경상북도,포항시 북구 오도1리,36° 09.687',129° 24.328',,
동해,2016,경상북도,울진군 기성면 기성리,36° 48.755',129° 27.428',,
동해,2016,경상북도,울진군 기성면 기성리,36° 48.506',129° 27.432',,
동해,2016,경상북도,울진군 기성면 기성리,36° 48.794',129° 27.504',,
동해,2016,경상북도,울진군 기성면 기성리,36° 48.569',129° 27.865',,
동해,2016,경상북도,울진군 기성면 기성리,36° 48.872',129° 27.885',,
동해,2016,경상북도,울진군 북면 고포리,37° 08.717',129° 21.964',,
동해,2016,경상북도,울진군 북면 고포리,37° 08.411',129° 22.029',,
동해,2016,경상북도,울진군 북면 고포리,37° 08.178',129° 22.237',,
동해,2016,경상북도,울진군 북면 고포리,37° 08.858',129° 22.295',,
동해,2016,경상북도,울진군 북면 고포리,37° 08.172',129° 22.311',,
동해,2016,경상북도,울진군 북면 고포리,37° 08.137',129° 22.502',,
동해,2016,경상북도,울진군 북면 나곡리,37° 08.137',129° 22.348',,
동해,2016,경상북도,울진군 북면 나곡리,37° 08.196',129° 22.540',,
동해,2016,경상북도,울진군 북면 나곡리,37° 08.147',129° 22.589',,
동해,2016,경상북도,울진군 북면 나곡리,37° 07.355',129° 22.755',,
동해,2016,경상북도,울진군 북면 나곡리,37° 07.273',129° 22.504',,
동해,2016,울산광역시,북구 구유동 판지,35° 36.846',129° 27.176',,
동해,2016,울산광역시,북구 구유동 판지,35° 36.948',129° 27.268',,
동해,2016,울산광역시,북구 구유동 판지,35° 36.542',129° 27.453',,
동해,2016,울산광역시,북구 구유동 판지,35° 36.969',129° 27.524',,
동해,2016,울산광역시,북구 구유동 판지,35° 36.725',129° 27.707',,
동해,2016,부산광역시,기장군 일광면 이천리,35° 16.241',129° 14.809',,
동해,2016,부산광역시,기장군 일광면 이천리,35° 16.314',129° 14.809',,
동해,2016,부산광역시,기장군 일광면 이천리,35° 16.124',129° 15.203',,
동해,2016,부산광역시,기장군 일광면 이천리,35° 16.255',129° 15.284',,
동해,2016,부산광역시,기장군 일광면 이천리,35° 16.527',129° 15.336',,
동해,2016,부산광역시,기장군 일광면 이천리,35° 16.366',129° 15.418',,
동해,2016,부산광역시,기장군 일광면 이천리,35° 16.525',129° 15.516',,
동해,2016,부산광역시,기장군 일광면 이천리,35° 15.761',129° 14.404',,
동해,2016,부산광역시,기장군 일광면 이천리,35° 15.883',129° 14.404',,
동해,2016,부산광역시,기장군 일광면 이천리,35° 15.806',129° 14.477',,
동해,2016,부산광역시,기장군 일광면 이천리,35° 15.806',129° 14.665',,
동해,2016,부산광역시,기장군 일광면 이천리,35° 15.837',129° 14.690',,
동해,2016,부산광역시,기장군 일광면 이천리,35° 15.975',129° 14.747',,
동해,2016,부산광역시,기장군 일광면 이천리,35° 16.138',129° 14.771',,
동해,2016,부산광역시,기장군 일광면 이천리,35° 16.096',129° 14.827',,
동해,2016,부산광역시,기장군 일광면 동백리,35° 16.681',129° 15.627',,
동해,2016,부산광역시,기장군 일광면 동백리,35° 17.639',129° 15.678',,
동해,2016,부산광역시,기장군 일광면 동백리,35° 16.830',129° 15.831',,
동해,2016,부산광역시,기장군 일광면 동백리,35° 17.658',129° 15.842',,
서해,2016,충청남도,보령시 오천면 횡견도,36° 13.475',126° 01.662',,
서해,2016,충청남도,보령시 오천면 횡견도,36° 13.523',126° 01.829',,
서해,2016,충청남도,보령시 오천면 횡견도,36° 13.352',126° 01.969',,
서해,2016,충청남도,보령시 오천면 횡견도,36° 13.216',126° 02.265',,
서해,2016,충청남도,보령시 오천면 횡견도,36° 12.867',126° 02.278',,
서해,2016,충청남도,보령시 오천면 횡견도,36° 12.906',126° 02.380',,
남해,2016,경상남도,통영시 산양면 연대도,34° 44.274',128° 22.761',,
남해,2016,경상남도,통영시 산양면 연대도,34° 44.171',128° 22.766',,
남해,2016,경상남도,통영시 산양면 연대도,34° 44.304',128° 22.840',,
남해,2016,경상남도,통영시 산양면 연대도,34° 44.327',128° 23.545',,
남해,2016,경상남도,통영시 산양면 연대도,34° 44.038',128° 23.803',,
남해,2016,경상남도,통영시 산양면 연대도,34° 44.261',128° 23.836',,
남해,2016,경상남도,통영시 산양면 연대도,34° 44.511',128° 23.984',,
남해,2016,경상남도,통영시 산양면 연대도,34° 43.737',128° 24.049',,
남해,2016,경상남도,통영시 산양면 연대도,34° 43.762',128° 24.067',,
남해,2016,경상남도,통영시 산양면 연대도,34° 44.316',128° 24.081',,
남해,2016,경상남도,통영시 산양면 연대도,34° 44.123',128° 24.324',,
남해,2016,경상남도,통영시 산양면 연대도,34° 44.251',128° 24.415',,
남해,2016,전라남도,완도군 금일읍 충도,34° 22.319',127° 03.900',,
남해,2016,전라남도,완도군 금일읍 충도,34° 22.184',127° 04.143',,
남해,2016,전라남도,완도군 금일읍 충도,34° 23.195',127° 04.215',,
남해,2016,전라남도,완도군 금일읍 충도,34° 22.859',127° 04.278',,
남해,2016,전라남도,완도군 금일읍 충도,34° 22.515',127° 04.359',,
남해,2016,전라남도,완도군 금일읍 충도,34° 22.744',127° 04.546',,
남해,2016,전라남도,완도군 금일읍 충도,34° 22.934',127° 04.734',,
남해,2016,전라남도,완도군 금일읍 충도,34° 22.656',127° 04.737',,
남해,2016,전라남도,완도군 금일읍 충도,34° 23.252',127° 04.818',,
남해,2016,전라남도,완도군 금일읍 충도,34° 23.564',127° 05.315',,
남해,2016,전라남도,완도군 금일읍 충도,34° 22.752',127° 05.327',,
남해,2016,전라남도,완도군 금일읍 충도,34° 23.500',127° 05.348',,
남해,2016,전라남도,완도군 금일읍 충도,34° 22.669',127° 05.576',,
남해,2016,전라남도,완도군 금일읍 충도,34° 22.578',127° 05.592',,
남해,2016,전라남도,여수시 오천동,34° 47.818',127° 45.377',,
남해,2016,전라남도,여수시 오천동,34° 47.672',127° 45.516',,
남해,2016,전라남도,여수시 오천동,34° 48.041',127° 45.536',,
남해,2016,전라남도,여수시 오천동,34° 48.030',127° 45.670',,
남해,2016,전라남도,여수시 오천동,34° 48.085',127° 45.778',,
남해,2016,전라남도,여수시 오천동,34° 48.075',127° 45.875',,
남해,2016,전라남도,여수시 오천동,34° 47.745',127° 45.946',,
남해,2016,전라남도,여수시 오천동,34° 47.955',127° 45.971',,
제주,2016,제주도,제주시 조천읍 조천리,33° 32.441',126° 37.662',,
제주,2016,제주도,제주시 조천읍 조천리,33° 32.752',126° 37.683',,
제주,2016,제주도,제주시 조천읍 조천리,33° 33.379',126° 38.227',,
제주,2016,제주도,제주시 조천읍 조천리,33° 33.045',126° 38.454',,
제주,2016,제주도,제주시 구좌읍 하도리,33° 32.061',126° 51.691',,
제주,2016,제주도,제주시 구좌읍 하도리,33° 31.550',126° 51.750',,
제주,2016,제주도,제주시 구좌읍 하도리,33° 31.513',126° 51.837',,
제주,2016,제주도,제주시 구좌읍 하도리,33° 32.448',126° 52.023',,
제주,2016,제주도,제주시 구좌읍 하도리,33° 31.606',126° 53.016',,
제주,2016,제주도,제주시 구좌읍 하도리,33° 32.250',126° 53.512',,
제주,2016,제주도,제주시 구좌읍 하도리,33° 30.746',126° 53.932',,
제주,2016,제주도,제주시 구좌읍 하도리,33° 30.600',126° 53.967',,
제주,2016,제주도,제주시 구좌읍 하도리,33° 31.260',126° 54.050',,
제주,2016,제주도,제주시 구좌읍 하도리,33° 31.735',126° 54.422',,
제주,2016,제주도,제주시 구좌읍 하도리,33° 31.660',126° 54.790',,
제주,2016,제주도,제주시 구좌읍 하도리,33° 31.008',126° 54.794',,
제주,2016,제주도,제주시 구좌읍 하도리,33° 31.429',126° 54.946',,
제주,2016,제주도,제주시 애월읍 신엄리,33° 28.855',126° 20.869',,
제주,2016,제주도,제주시 애월읍 신엄리,33° 28.396',126° 21.111',,
제주,2016,제주도,제주시 애월읍 신엄리,33° 28.609',126° 21.187',,
제주,2016,제주도,제주시 애월읍 신엄리,33° 29.096',126° 21.243',,
제주,2016,제주도,제주시 애월읍 신엄리,33° 28.764',126° 21.529',,
제주,2016,제주도,제주시 애월읍 신엄리,33° 28.699',126° 22.047',,
제주,2016,제주도,제주시 애월읍 신엄리,33° 28.768',126° 22.230',,
제주,2016,제주도,제주시 구좌읍 한동리,33° 32.939',126° 50.616',,
제주,2016,제주도,제주시 구좌읍 한동리,33° 33.540',126° 49.503',,
제주,2016,제주도,제주시 구좌읍 한동리,33° 34.200',126° 49.725',,
제주,2016,제주도,제주시 구좌읍 한동리,33° 33.194',126° 50.115',,
제주,2016,제주도,제주시 구좌읍 한동리,33° 32.235',126° 50.338',,
제주,2016,제주도,서귀포시 남원읍 위미1리,33° 16.101',126° 38.981',,
제주,2016,제주도,서귀포시 남원읍 위미1리,33° 15.551',126° 39.004',,
제주,2016,제주도,서귀포시 남원읍 위미1리,33° 16.177',126° 39.166',,
제주,2016,제주도,서귀포시 남원읍 위미1리,33° 16.187',126° 39.488',,
제주,2016,제주도,서귀포시 남원읍 위미1리,33° 16.331',126° 39.542',,
제주,2016,제주도,서귀포시 남원읍 위미1리,33° 15.731',126° 39.639',,
제주,2016,제주도,서귀포시 남원읍 위미1리,33° 16.410',126° 39.750',,
동해,2017,강원도,고성군 거진읍 반암리,38° 26.603',128° 27.376',,
동해,2017,강원도,고성군 거진읍 반암리,38° 25.940',128° 27.760',,
동해,2017,강원도,고성군 거진읍 반암리,38° 25.989',128° 28.158',,
동해,2017,강원도,고성군 거진읍 반암리,38° 26.603',128° 28.158',,
동해,2017,강원도,양양군 손양면 수산리,38° 05.133',128° 40.500',,
동해,2017,강원도,양양군 손양면 수산리,38° 04.384',128° 40.651',,
동해,2017,강원도,양양군 손양면 수산리,38° 04.384',128° 41.250',,
동해,2017,강원도,양양군 손양면 수산리,38° 05.134',128° 41.250',,
동해,2017,강원도,양양군 손양면 오산리,38° 06.000',128° 39.455',,
동해,2017,강원도,양양군 손양면 오산리,38° 06.307',128° 39.878',,
동해,2017,강원도,양양군 손양면 오산리,38° 05.250',128° 40.338',,
동해,2017,강원도,양양군 손양면 오산리,38° 05.779',128° 40.500',,
동해,2017,강원도,양양군 손양면 오산리,38° 05.250',128° 40.500',,
동해,2017,경상북도,영덕군 남정면 부흥리,36° 17.250',129° 22.500',,
동해,2017,경상북도,영덕군 남정면 부흥리,36° 17.358',129° 22.501',,
동해,2017,경상북도,영덕군 남정면 부흥리,36° 18.000',129° 22.784',,
동해,2017,경상북도,영덕군 남정면 부흥리,36° 17.250',129° 23.500',,
동해,2017,경상북도,영덕군 남정면 부흥리,36° 18.000',129° 23.500',,
동해,2017,경상북도,포항시 남구 장길리,35° 57.000',129° 32.597',,
동해,2017,경상북도,포항시 남구 장길리,35° 57.761',129° 32.972',,
동해,2017,경상북도,포항시 남구 장길리,35° 56.930',129° 33.389',,
동해,2017,경상북도,포항시 남구 장길리,35° 57.757',129° 33.568',,
동해,2017,경상북도,포항시 남구 영암1리,35° 54.739',129° 31.504',,
동해,2017,경상북도,포항시 남구 영암1리,35° 54.000',129° 32.029',,
동해,2017,경상북도,포항시 남구 영암1리,35° 54.750',129° 32.250',,
동해,2017,경상북도,포항시 남구 영암1리,35° 53.998',129° 32.496',,
동해,2017,경상북도,경주시 감포읍 나정2리,35° 45.724',129° 29.664',,
동해,2017,경상북도,경주시 감포읍 나정2리,35° 46.497',129° 29.742',,
동해,2017,경상북도,경주시 감포읍 나정2리,35° 45.750',129° 30.113',,
동해,2017,경상북도,경주시 감포읍 나정2리,35° 46.496',129° 30.245',,
서해,2017,인천광역시,"옹진군 백령면 백령도
(연화리)",37° 58.616',124° 37.420',,
서해,2017,인천광역시,"옹진군 백령면 백령도
(연화리)",37° 58.681',124° 39.191',,
서해,2017,인천광역시,"옹진군 백령면 백령도
(연화리)",37° 58.421',124° 39.206',,
서해,2017,충청남도,"태안군 근흥면 도황리
(1단지)",36° 41.471',126° 13.012',,
서해,2017,충청남도,"태안군 근흥면 도황리
(1단지)",36° 41.469',126° 13.009',,
서해,2017,충청남도,"태안군 근흥면 도황리
(1단지)",36° 41.462',126° 13.016',,
서해,2017,충청남도,"태안군 근흥면 도황리
(1단지)",36° 41.464',126° 13.019',,
서해,2017,충청남도,"태안군 근흥면 도황리
(2단지)",36° 41.483',126° 12.927',,
서해,2017,충청남도,"태안군 근흥면 도황리
(2단지)",36° 41.469',126° 12.932',,
서해,2017,충청남도,"태안군 근흥면 도황리
(2단지)",36° 41.470',126° 12.936',,
서해,2017,충청남도,"태안군 근흥면 도황리
(2단지)",36° 41.483',126° 12.931',,
서해,2017,충청남도,"태안군 근흥면 도황리
(3단지)",36° 41.492',126° 12.912',,
서해,2017,충청남도,"태안군 근흥면 도황리
(3단지)",36° 41.488',126° 12.911',,
서해,2017,충청남도,"태안군 근흥면 도황리
(3단지)",36° 41.485',126° 12.923',,
서해,2017,충청남도,"태안군 근흥면 도황리
(3단지)",36° 41.488',126° 12.924',,
남해,2017,경상남도,거제시 일운면 구조라?망치리,34° 48.003',128° 40.500',,
남해,2017,경상남도,거제시 일운면 구조라?망치리,34° 48.750',128° 40.503',,
남해,2017,경상남도,거제시 일운면 구조라?망치리,34° 48.749',128° 40.661',,
남해,2017,경상남도,거제시 일운면 구조라?망치리,34° 48.001',128° 41.250',,
남해,2017,경상남도,거제시 일운면 구조라?망치리,34° 48.587',128° 41.250',,
남해,2017,경상남도,남해군 미조면 송정?금포?천하,34° 43.437',128° 00.752',,
남해,2017,경상남도,남해군 미조면 송정?금포?천하,34° 42.749',128° 00.753',,
남해,2017,경상남도,남해군 미조면 송정?금포?천하,34° 43.459',128° 00.887',,
남해,2017,경상남도,남해군 미조면 송정?금포?천하,34° 43.401',128° 01.255',,
남해,2017,경상남도,남해군 미조면 송정?금포?천하,34° 43.337',128° 01.397',,
남해,2017,경상남도,남해군 미조면 송정?금포?천하,34° 42.753',128° 01.436',,
남해,2017,경상남도,남해군 미조면 송정?금포?천하,34° 42.932',128° 01.494',,
남해,2017,경상남도,남해군 미조면 송정?금포?천하,34° 43.247',128° 01.502',,
남해,2017,전라남도,여수시 삼산면 손죽도,34° 17.999',127° 20.998',,
남해,2017,전라남도,여수시 삼산면 손죽도,34° 17.501',127° 20.999',,
남해,2017,전라남도,여수시 삼산면 손죽도,34° 17.697',127° 21.107',,
남해,2017,전라남도,여수시 삼산면 손죽도,34° 17.547',127° 21.217',,
남해,2017,전라남도,여수시 삼산면 손죽도,34° 17.255',127° 21.237',,
남해,2017,전라남도,여수시 삼산면 손죽도,34° 17.453',127° 21.669',,
남해,2017,전라남도,여수시 삼산면 손죽도,34° 17.255',127° 21.697',,
남해,2017,전라남도,여수시 삼산면 손죽도,34° 17.995',127° 21.750',,
남해,2017,전라남도,여수시 삼산면 손죽도,34° 17.537',127° 21.751',,
남해,2017,전라남도,여수시 남면 안도리,34° 30.005',127° 48.752',,
남해,2017,전라남도,여수시 남면 안도리,34° 29.864',127° 48.752',,
남해,2017,전라남도,여수시 남면 안도리,34° 29.478',127° 48.774',,
남해,2017,전라남도,여수시 남면 안도리,34° 29.354',127° 48.852',,
남해,2017,전라남도,여수시 남면 안도리,34° 29.581',127° 48.859',,
남해,2017,전라남도,여수시 남면 안도리,34° 29.791',127° 49.165',,
남해,2017,전라남도,여수시 남면 안도리,34° 29.650',127° 49.178',,
남해,2017,전라남도,여수시 남면 안도리,34° 29.305',127° 49.211',,
남해,2017,전라남도,여수시 남면 안도리,34° 29.250',127° 49.227',,
남해,2017,전라남도,여수시 남면 안도리,34° 29.799',127° 49.268',,
남해,2017,전라남도,여수시 남면 안도리,34° 29.699',127° 49.329',,
남해,2017,전라남도,여수시 남면 안도리,34° 29.248',127° 49.499',,
남해,2017,전라남도,여수시 남면 안도리,34° 30.000',127° 49.499',,
남해,2017,전라남도,여수시 남면 안도리,34° 29.943',127° 49.499',,
남해,2017,전라남도,여수시 남면 안도리,34° 29.700',127° 49.499',,
제주,2017,제주도,제주시 구좌읍 월정리,33° 33.864',126° 46.536',,
제주,2017,제주도,제주시 구좌읍 월정리,33° 33.828',126° 46.687',,
제주,2017,제주도,제주시 구좌읍 월정리,33° 34.414',126° 46.702',,
제주,2017,제주도,제주시 구좌읍 월정리,33° 34.380',126° 47.300',,
제주,2017,제주도,제주시 구좌읍 월정리,33° 33.651',126° 47.317',,
제주,2017,제주도,제주시 구좌읍 월정리,33° 33.968',126° 47.640',,
제주,2017,제주도,제주시 구좌읍 월정리,33° 33.987',126° 47.922',,
제주,2017,제주도,제주시 구좌읍 월정리,33° 33.322',126° 47.968',,
제주,2017,제주도,제주시 한경면 두모리,33° 20.254',126° 09.222',,
제주,2017,제주도,제주시 한경면 두모리,33° 20.156',126° 09.645',,
제주,2017,제주도,제주시 한경면 두모리,33° 21.257',126° 10.448',,
제주,2017,제주도,제주시 한경면 두모리,33° 21.117',126° 10.645',,
제주,2017,제주도,서귀포시 남원읍 위미2리,33° 15.949',126° 39.697',,
제주,2017,제주도,서귀포시 남원읍 위미2리,33° 15.868',126° 39.704',,
제주,2017,제주도,서귀포시 남원읍 위미2리,33° 16.034',126° 40.209',,
제주,2017,제주도,서귀포시 남원읍 위미2리,33° 15.800',126° 40.806',,
제주,2017,제주도,서귀포시 남원읍 위미2리,33° 16.090',126° 41.559',,
제주,2017,제주도,서귀포시 성산읍 성산리,33° 28.266',126° 56.089',,
제주,2017,제주도,서귀포시 성산읍 성산리,33° 28.416',126° 56.154',,
제주,2017,제주도,서귀포시 성산읍 성산리,33° 28.419',126° 56.173',,
제주,2017,제주도,서귀포시 성산읍 성산리,33° 27.979',126° 56.403',,
제주,2017,제주도,서귀포시 성산읍 성산리,33° 27.670',126° 56.482',,
제주,2017,제주도,서귀포시 성산읍 성산리,33° 27.188',126° 56.659',,
제주,2017,제주도,서귀포시 성산읍 성산리,33° 27.550',126° 56.705',,
제주,2017,제주도,서귀포시 성산읍 성산리,33° 27.750',126° 56.760',,
제주,2017,제주도,서귀포시 성산읍 성산리,33° 27.411',126° 56.927',,
제주,2017,제주도,서귀포시 성산읍 시흥리,33° 29.025',126° 54.130',,
제주,2017,제주도,서귀포시 성산읍 시흥리,33° 28.232',126° 55.356',,
제주,2017,제주도,서귀포시 성산읍 시흥리,33° 29.339',126° 55.782',,
제주,2017,제주도,서귀포시 성산읍 시흥리,33° 28.798',126° 56.146',,
동해,2018,강원도,고성군 가진리,38° 22.500',128° 30.750',,
동해,2018,강원도,고성군 가진리,38° 21.750',128° 30.750',,
동해,2018,강원도,고성군 가진리,38° 21.750',128° 31.500',,
동해,2018,강원도,고성군 가진리,38° 22.500',128° 31.500',,
동해,2018,강원도,고성군 대진리,38° 30.260',128° 25.500',,
동해,2018,강원도,고성군 대진리,38° 30.750',128° 25.500',,
동해,2018,강원도,고성군 대진리,38° 30.750',128° 25.875',,
동해,2018,강원도,고성군 대진리,38° 30.345',128° 26.250',,
동해,2018,강원도,고성군 대진리,38° 29.256',128° 26.250',,
동해,2018,강원도,삼척시 덕산리,37° 23.250',129° 15.000',,
동해,2018,강원도,삼척시 덕산리,37° 22.500',129° 15.000',,
동해,2018,강원도,삼척시 덕산리,37° 22.500',129° 15.750',,
동해,2018,강원도,삼척시 덕산리,37° 23.250',129° 15.750',,
동해,2018,강원도,양양군 인구리,37° 58.500',128° 45.750',,
동해,2018,강원도,양양군 인구리,37° 57.750',128° 45.750',,
동해,2018,강원도,양양군 인구리,37° 57.750',128° 46.500',,
동해,2018,강원도,양양군 인구리,37° 58.500',128° 46.500',,
동해,2018,강원도,양양군 하광정리,38° 01.500',128° 43.500',,
동해,2018,강원도,양양군 하광정리,38° 00.750',128° 43.500',,
동해,2018,강원도,양양군 하광정리,38° 01.500',128° 44.250',,
동해,2018,강원도,양양군 하광정리,38° 00.750',128° 44.250',,
동해,2018,경상북도,영덕군 금곡리,36° 39.000',129° 24.750',,
동해,2018,경상북도,영덕군 금곡리,36° 38.250',129° 24.750',,
동해,2018,경상북도,영덕군 금곡리,36° 38.250',129° 25.500',,
동해,2018,경상북도,영덕군 금곡리,36° 39.000',129° 25.500',,
동해,2018,경상북도,영덕군 대진1리,36° 34.500',129° 25.500',,
동해,2018,경상북도,영덕군 대진1리,36° 33.750',129° 25.500',,
동해,2018,경상북도,영덕군 대진1리,36° 34.500',129° 26.250',,
동해,2018,경상북도,영덕군 대진1리,36° 33.750',129° 26.250',,
동해,2018,경상북도,울진군 거일2리,36° 42.000',129° 28.500',,
동해,2018,경상북도,울진군 거일2리,36° 42.750',129° 28.500',,
동해,2018,경상북도,울진군 거일2리,36° 42.750',129° 29.250',,
동해,2018,경상북도,울진군 거일2리,36° 42.000',129° 29.250',,
동해,2018,울산광역시,"울주군 서생면 대송리
(평동)",35° 21.750',129° 21.000',,
동해,2018,울산광역시,"울주군 서생면 대송리
(평동)",35° 21.000',129° 21.000',,
동해,2018,울산광역시,"울주군 서생면 대송리
(평동)",35° 21.750',129° 21.750',,
동해,2018,울산광역시,"울주군 서생면 대송리
(평동)",35° 21.000',129° 21.750',,
서해,2018,전라북도,군산시 옥도면 신시도, 35° 49.875',126° 26.579',,
서해,2018,전라북도,군산시 옥도면 신시도, 35° 49.873',126° 26.464',,
서해,2018,전라북도,군산시 옥도면 신시도, 35° 49.781',126° 26.464',,
서해,2018,전라북도,군산시 옥도면 신시도, 35° 49.781',126° 26.579',,
남해,2018,전라남도,여수시 동도리,34° 03.000',127° 18.750',,
남해,2018,전라남도,여수시 동도리,34° 02.250',127° 18.750',,
남해,2018,전라남도,여수시 동도리,34° 03.000',127° 19.500',,
남해,2018,전라남도,여수시 동도리,34° 02.250',127° 19.500',,
남해,2018,경상남도,통영시 능양,34° 47.640',128° 14.250',,
남해,2018,경상남도,통영시 능양,34° 48.520',128° 14.250',,
남해,2018,경상남도,통영시 능양,34° 48.520',128° 15.000',,
남해,2018,경상남도,통영시 능양,34° 47.640',128° 15.000',,
남해,2018,경상남도,통영시 사이도,34° 39.752',128° 15.751',,
남해,2018,경상남도,통영시 사이도,34° 40.501',128° 15.750',,
남해,2018,경상남도,통영시 사이도,34° 40.500',128° 16.498',,
남해,2018,경상남도,통영시 사이도,34° 39.754',128° 16.499',,
남해,2018,경상남도,통영시 우도,34° 39.006',128° 20.254',,
남해,2018,경상남도,통영시 우도,34° 39.752',128° 20.249',,
남해,2018,경상남도,통영시 우도,34° 39.004',128° 20.998',,
남해,2018,경상남도,통영시 우도,34° 39.749',128° 20.998',,
제주,2018,제주도,제주시 오봉리1,33° 31.500',126° 56.250',,
제주,2018,제주도,제주시 오봉리1,33° 32.250',126° 56.250',,
제주,2018,제주도,제주시 오봉리1,33° 31.500',126° 57.000',,
제주,2018,제주도,제주시 오봉리1,33° 32.250',126° 57.000',,
제주,2018,제주도,제주시 오봉리2,33° 31.500',126° 57.000',,
제주,2018,제주도,제주시 오봉리2,33° 32.250',126° 57.000',,
제주,2018,제주도,제주시 오봉리2,33° 32.250',126° 57.750',,
제주,2018,제주도,제주시 오봉리2,33° 31.500',126° 57.750',,
제주,2018,제주도,제주시 오봉리3,33° 31.500',126° 56.250',,
제주,2018,제주도,제주시 오봉리3,33° 30.750',126° 56.250',,
제주,2018,제주도,제주시 오봉리3,33° 30.750',126° 57.000',,
제주,2018,제주도,제주시 오봉리3,33° 31.500',126° 57.000',,
제주,2018,제주도,제주시 종달리,33° 30.750',126° 54.750',,
제주,2018,제주도,제주시 종달리,33° 31.500',126° 54.750',,
제주,2018,제주도,제주시 종달리,33° 31.500',126° 55.500',,
제주,2018,제주도,제주시 종달리,33° 30.750',126° 55.500',,
제주,2018,제주도,서귀포시 삼달리,33° 22.500',126° 52.500',,
제주,2018,제주도,서귀포시 삼달리,33° 21.750',126° 52.500',,
제주,2018,제주도,서귀포시 삼달리,33° 21.750',126° 53.250',,
제주,2018,제주도,서귀포시 삼달리,33° 22.500',126° 53.250',,
제주,2018,제주도,서귀포시 신천리,33° 20.250',126° 51.750',,
제주,2018,제주도,서귀포시 신천리,33° 21.750',126° 51.750',,
제주,2018,제주도,서귀포시 신천리,33° 20.250',126° 52.500',,
제주,2018,제주도,서귀포시 신천리,33° 21.750',126° 52.500',,
동해,2019,강원도,고성군 문암1리,38° 18.750',128° 33.000',,
동해,2019,강원도,고성군 문암1리,38° 18.000',128° 33.000',,
동해,2019,강원도,고성군 문암1리,38° 18.000',128° 33.750',,
동해,2019,강원도,고성군 문암1리,38° 18.750',128° 33.750',,
동해,2019,강원도,양양군 전진1리,38° 08.250',128° 37.500',,
동해,2019,강원도,양양군 전진1리,38° 07.500',128° 37.500',,
동해,2019,강원도,양양군 전진1리,38° 08.250',128° 38.250',,
동해,2019,강원도,양양군 전진1리,38° 07.500',128° 38.250',,
동해,2019,경상북도,영덕군 경정리,36° 29.351',129° 26.669',,
동해,2019,경상북도,영덕군 경정리,36° 29.362',129° 26.797',,
동해,2019,경상북도,영덕군 경정리,36° 29.264',129° 27.045',,
동해,2019,경상북도,영덕군 경정리,36° 28.470',129° 26.418',,
동해,2019,경상북도,영덕군 경정리,36° 28.539',129° 26.015',,
동해,2019,경상북도,포항시 이가리1,36° 12.000',129° 23.250',,
동해,2019,경상북도,포항시 이가리1,36° 11.250',129° 23.250',,
동해,2019,경상북도,포항시 이가리1,36° 12.000',129° 24.000',,
동해,2019,경상북도,포항시 이가리1,36° 11.250',129° 24.000',,
동해,2019,경상북도,포항시 이가리2,36° 11.250',129° 23.250',,
동해,2019,경상북도,포항시 이가리2,36° 10.500',129° 23.250',,
동해,2019,경상북도,포항시 이가리2,36° 11.250',129° 24.000',,
동해,2019,경상북도,포항시 이가리2,36° 10.500',129° 24.000',,
동해,2019,경상북도,포항시 조사리,36° 13.500',129° 23.250',,
동해,2019,경상북도,포항시 조사리,36° 12.750',129° 23.250',,
동해,2019,경상북도,포항시 조사리,36° 13.500',129° 24.000',,
동해,2019,경상북도,포항시 조사리,36° 12.750',129° 24.000',,
동해,2019,경상북도,포항시 지경리,36° 15.750',129° 22.500',,
동해,2019,경상북도,포항시 지경리,36° 16.500',129° 22.500',,
동해,2019,경상북도,포항시 지경리,36° 15.750',129° 23.250',,
동해,2019,경상북도,포항시 지경리,36° 16.500',129° 23.250',,
서해,2019,인천광역시,"옹진군 백령면 백령도
(남3리)",37° 56.042′,124° 42.286′,,
서해,2019,인천광역시,"옹진군 백령면 백령도
(남3리)",37° 56.065′,124° 42.504′,,
서해,2019,인천광역시,"옹진군 백령면 백령도
(남3리)",37° 54.925′,124° 42.621′,,
서해,2019,인천광역시,"옹진군 백령면 백령도
(남3리)",37° 54.878′,124° 41.822′,,
서해,2019,인천광역시,"옹진군 백령면 백령도
(남3리)",37° 55.047′,124° 41.792′,,
서해,2019,전라북도,군산시 옥도면 관리도,35° 48.834′,126° 22.640′,,
서해,2019,전라북도,군산시 옥도면 관리도,35° 48.841′,126° 22.955′,,
서해,2019,전라북도,군산시 옥도면 관리도,35° 48.548′,126° 22.186′,,
서해,2019,전라북도,군산시 옥도면 관리도,35° 48.074′,126° 22.196′,,
서해,2019,전라북도,군산시 옥도면 관리도,35° 47.877′,126° 22.474′,,
서해,2019,전라북도,군산시 옥도면 관리도,35° 47.975′,126° 22.975′,,
서해,2019,인천광역시,"옹진군 대청면 대청도
(선진동)",37° 49.370′,124° 39.884′,,
서해,2019,인천광역시,"옹진군 대청면 대청도
(선진동)",37° 50.255′,124° 41.091′,,
서해,2019,인천광역시,"옹진군 대청면 대청도
(선진동)",37° 50.193′,124° 41.251′,,
서해,2019,인천광역시,"옹진군 대청면 대청도
(선진동)",37° 49.191′,124° 40.458′,,
서해,2019,인천광역시,옹진군 덕적면 굴업도,37° 10.937′,125° 58.031′,,
서해,2019,인천광역시,옹진군 덕적면 굴업도,37° 11.198′,125° 58.731′,,
서해,2019,인천광역시,옹진군 덕적면 굴업도,37° 10.831′,125° 58.970′,,
서해,2019,인천광역시,옹진군 덕적면 굴업도,37° 10.670′,125° 58.757′,,
서해,2019,인천광역시,옹진군 덕적면 굴업도,37° 10.659′,125° 58.536′,,
서해,2019,인천광역시,옹진군 덕적면 굴업도,37° 10.882′,125° 58.033′,,
서해,2019,인천광역시,옹진군 자월면 승봉도,37° 09.835′,126° 17.702′,,
서해,2019,인천광역시,옹진군 자월면 승봉도,37° 09.830′,126° 17.902′,,
서해,2019,인천광역시,옹진군 자월면 승봉도,37° 09.685′,126° 18.299′,,
서해,2019,인천광역시,옹진군 자월면 승봉도,37° 09.601′,126° 18.246′,,
서해,2019,인천광역시,옹진군 대청면 대청도,37° 50.072′,124° 43.035′,,
서해,2019,인천광역시,옹진군 대청면 대청도,37° 50.049′,124° 43.158′,,
서해,2019,인천광역시,옹진군 대청면 대청도,37° 49.789′,124° 42.996′,,
서해,2019,인천광역시,옹진군 대청면 대청도,37° 49.769′,124° 42.910′,,
서해,2019,인천광역시,옹진군 대청면 대청도,37° 49.794′,124° 42.835′,,
서해,2019,인천광역시,옹진군 덕적면 굴업도,37° 10.937′,125° 58.031′,,
서해,2019,인천광역시,옹진군 덕적면 굴업도,37° 11.198′,125° 58.731′,,
서해,2019,인천광역시,옹진군 덕적면 굴업도,37° 10.831′,125° 58.970′,,
서해,2019,인천광역시,옹진군 덕적면 굴업도,37° 10.670′,125° 58.757′,,
서해,2019,인천광역시,옹진군 덕적면 굴업도,37° 10.659′,125° 58.536′,,
서해,2019,인천광역시,옹진군 덕적면 굴업도,37° 10.882′,125° 58.033′,,
서해,2019,경기도,안산시 대부도,37° 12.408',126° 34.167',,
서해,2019,경기도,안산시 대부도,37° 12.369',126° 34.194',,
서해,2019,경기도,안산시 대부도,37° 12.496',126° 34.388',,
서해,2019,경기도,안산시 대부도,37° 12.587',126° 34.434',,
서해,2019,경기도,안산시 대부도,37° 12.593',126° 34.378',,
서해,2019,경기도,안산시 대부도,37° 12.523',126° 34.338',,
남해,2019,경상남도,"고성군 춘암리
(안장섬)",34° 54.000',128° 10.500',,
남해,2019,경상남도,"고성군 춘암리
(안장섬)",34° 53.250',128° 10.500',,
남해,2019,경상남도,"고성군 춘암리
(안장섬)",34° 53.250',128° 11.250',,
남해,2019,경상남도,"고성군 춘암리
(안장섬)",34° 54.000',128° 11.250',,
남해,2019,전라남도,여수시 역만도,34° 11.250',127° 21.000',,
남해,2019,전라남도,여수시 역만도,34° 10.500',127° 21.000',,
남해,2019,전라남도,여수시 역만도,34° 11.250',127° 21.750',,
남해,2019,전라남도,여수시 역만도,34° 10.500',127° 21.750',,
남해,2019,전라남도,완도군 황제도,34° 11.250',127° 04.500',,
남해,2019,전라남도,완도군 황제도,34° 12.000',127° 04.500',,
남해,2019,전라남도,완도군 황제도,34° 11.250',127° 05.250',,
남해,2019,전라남도,완도군 황제도,34° 12.000',127° 05.250',,
제주,2019,제주도,제주시 고산리1,33° 18.750',126° 09.000',,
제주,2019,제주도,제주시 고산리1,33° 19.500',126° 09.000',,
제주,2019,제주도,제주시 고산리1,33° 19.500',126° 09.750',,
제주,2019,제주도,제주시 고산리1,33° 18.750',126° 09.750',,
제주,2019,제주도,제주시 고산리2,33° 18.000',126° 09.000',,
제주,2019,제주도,제주시 고산리2,33° 18.750',126° 09.000',,
제주,2019,제주도,제주시 고산리2,33° 18.000',126° 09.750',,
제주,2019,제주도,제주시 고산리2,33° 18.750',126° 09.750',,
제주,2019,제주도,제주시 고산리3,33° 18.000',126° 09.000',,
제주,2019,제주도,제주시 고산리3,33° 17.250',126° 09.000',,
제주,2019,제주도,제주시 고산리3,33° 17.250',126° 09.750',,
제주,2019,제주도,제주시 고산리3,33° 18.000',126° 09.750',,
제주,2019,제주도,제주시 고산리4,33° 16.500',126° 09.000',,
제주,2019,제주도,제주시 고산리4,33° 17.250',126° 09.000',,
제주,2019,제주도,제주시 고산리4,33° 17.250',126° 09.750',,
제주,2019,제주도,제주시 고산리4,33° 16.500',126° 09.750',,
제주,2019,제주도,제주시 고산리5,33° 17.250',126° 09.750',,
제주,2019,제주도,제주시 고산리5,33° 16.500',126° 09.750',,
제주,2019,제주도,제주시 고산리5,33° 17.250',126° 10.500',,
제주,2019,제주도,제주시 고산리5,33° 16.500',126° 10.500',,
제주,2019,제주도,서귀포시 신산리,33° 22.500',126° 53.250',,
제주,2019,제주도,서귀포시 신산리,33° 23.250',126° 53.250',,
제주,2019,제주도,서귀포시 신산리,33° 23.250',126° 54.000',,
제주,2019,제주도,서귀포시 신산리,33° 22.500',126° 54.000',,
동해,2020,강원도,고성군 화포리·초도리,38° 29.250',128° 26.250',,
동해,2020,강원도,고성군 화포리·초도리,38° 28.500',128° 26.250',,
동해,2020,강원도,고성군 화포리·초도리,38° 29.250',128° 27.000',,
동해,2020,강원도,고성군 화포리·초도리,38° 28.500',128° 27.000',,
동해,2020,강원도,고성군 공현진리,38° 21.000',128° 30.750',,
동해,2020,강원도,고성군 공현진리,38° 21.750',128° 30.750',,
동해,2020,강원도,고성군 공현진리,38° 21.750',128° 31.500',,
동해,2020,강원도,고성군 공현진리,38° 21.000',128° 31.500',,
동해,2020,강원도,고성군 오호리,38° 19.500',128° 31.500',,
동해,2020,강원도,고성군 오호리,38° 20.250',128° 31.500',,
동해,2020,강원도,고성군 오호리,38° 19.500',128° 32.250',,
동해,2020,강원도,고성군 오호리,38° 20.250',128° 32.250',,
동해,2020,강원도,속초시 장사동,38° 14.250',128° 35.250',,
동해,2020,강원도,속초시 장사동,38° 13.500',128° 35.250',,
동해,2020,강원도,속초시 장사동,38° 13.500',128° 36.000',,
동해,2020,강원도,속초시 장사동,38° 14.250',128° 36.000',,
동해,2020,강원도,양양군 동호리,38° 03.750',128° 40.500',,
동해,2020,강원도,양양군 동호리,38° 04.500',128° 40.500',,
동해,2020,강원도,양양군 동호리,38° 04.500',128° 41.250',,
동해,2020,강원도,양양군 동호리,38° 03.750',128° 41.250',,
동해,2020,강원도,양양군 인구리·광진리,37° 58.500',128° 45.750',,
동해,2020,강원도,양양군 인구리·광진리,37° 57.750',128° 45.750',,
동해,2020,강원도,양양군 인구리·광진리,37° 57.750',128° 46.500',,
동해,2020,강원도,양양군 인구리·광진리,37° 58.500',128° 46.500',,
동해,2020,강원도,강릉시 심곡리,37° 39.750',129° 03.000',,
동해,2020,강원도,강릉시 심곡리,37° 40.500',129° 03.000',,
동해,2020,강원도,강릉시 심곡리,37° 39.750',129° 03.750',,
동해,2020,강원도,강릉시 심곡리,37° 40.500',129° 03.750',,
동해,2020,경상북도,영덕군 축산리,36° 30.750',129° 26.250',,
동해,2020,경상북도,영덕군 축산리,36° 31.500',129° 26.250',,
동해,2020,경상북도,영덕군 축산리,36° 31.500',129° 27.000',,
동해,2020,경상북도,영덕군 축산리,36° 30.750',129° 27.000',,
서해,2020,충청남도,보령시 오천면 오도,36° 12.447',126° 03.349',,
서해,2020,충청남도,보령시 오천면 오도,36° 12.403',126° 03.356',,
서해,2020,충청남도,보령시 오천면 오도,36° 12.399',126° 03.358',,
서해,2020,충청남도,보령시 오천면 오도,36° 12.185',126° 03.454',,
서해,2020,충청남도,보령시 오천면 오도,36° 12.494',126° 03.475',,
서해,2020,충청남도,보령시 오천면 오도,36° 12.253',126° 03.560',,
서해,2020,전라북도,부안군 위도면 식도,35° 37.900',126° 16.179',,
서해,2020,전라북도,부안군 위도면 식도,35° 37.900',126° 16.352',,
서해,2020,전라북도,부안군 위도면 식도,35° 37.617',126° 16.833',,
서해,2020,전라북도,부안군 위도면 식도,35° 37.210',126° 16.791',,
서해,2020,전라북도,부안군 위도면 식도,35° 37.455',126° 16.161',,
서해,2020,인천광역시,옹진군 덕적면 굴업도,37° 12.062',125° 59.148',,
서해,2020,인천광역시,옹진군 덕적면 굴업도,37° 11.996',125° 59.151',,
서해,2020,인천광역시,옹진군 덕적면 굴업도,37° 11.925',125° 59.172',,
서해,2020,인천광역시,옹진군 덕적면 굴업도,37° 12.090',125° 59.203',,
서해,2020,인천광역시,옹진군 덕적면 굴업도,37° 11.898',125° 59.205',,
서해,2020,인천광역시,옹진군 덕적면 굴업도,37° 11.885',125° 59.231',,
서해,2020,인천광역시,옹진군 덕적면 굴업도,37° 11.869',125° 59.304',,
서해,2020,인천광역시,옹진군 덕적면 굴업도,37° 11.978',125° 59.345',,
서해,2020,인천광역시,옹진군 덕적면 굴업도,37° 11.862',125° 59.398',,
서해,2020,인천광역시,옹진군 덕적면 굴업도,37° 11.924',125° 59.417',,
서해,2020,인천광역시,옹진군 덕적면 굴업도,37° 11.871',125° 59.431',,
서해,2020,인천광역시,옹진군 자월면 자월도,37° 16.171',126° 17.276',,
서해,2020,인천광역시,옹진군 자월면 자월도,37° 16.113',126° 17.305',,
서해,2020,인천광역시,옹진군 자월면 자월도,37° 16.288',126° 17.305',,
서해,2020,인천광역시,옹진군 자월면 자월도,37° 16.047',126° 17.496',,
서해,2020,인천광역시,옹진군 자월면 자월도,37° 16.195',126° 17.524',,
남해,2020,전라남도,여수시 낭도,34° 36.000',127° 33.000',,
남해,2020,전라남도,여수시 낭도,34° 36.750',127° 33.000',,
남해,2020,전라남도,여수시 낭도,34° 36.000',127° 33.750',,
남해,2020,전라남도,여수시 낭도,34° 36.750',127° 33.750',,
남해,2020,경상남도,거제시 예구·내도,34° 47.250',128° 42.750',,
남해,2020,경상남도,거제시 예구·내도,34° 48.000',128° 42.750',,
남해,2020,경상남도,거제시 예구·내도,34° 48.000',128° 43.500',,
남해,2020,경상남도,거제시 예구·내도,34° 47.250',128° 43.500',,
남해,2020,경상남도,남해군 진동리,34° 49.500',128° 03.750',,
남해,2020,경상남도,남해군 진동리,34° 50.250',128° 03.750',,
남해,2020,경상남도,남해군 진동리,34° 49.500',128° 04.500',,
남해,2020,경상남도,남해군 진동리,34° 50.250',128° 04.500',,
제주,2020,제주도,제주시 귀덕2리,33° 26.250',126° 16.500',,
제주,2020,제주도,제주시 귀덕2리,33° 27.000',126° 16.500',,
제주,2020,제주도,제주시 귀덕2리,33° 27.000',126° 17.250',,
제주,2020,제주도,제주시 귀덕2리,33° 26.250',126° 17.250',,
제주,2020,제주도,제주시 조일리1,33° 31.500',126° 57.750',,
제주,2020,제주도,제주시 조일리1,33° 30.750',126° 57.750',,
제주,2020,제주도,제주시 조일리1,33° 31.500',126° 58.500',,
제주,2020,제주도,제주시 조일리1,33° 30.750',126° 58.500',,
제주,2020,제주도,제주시 조일리2,33° 30.000',126° 57.750',,
제주,2020,제주도,제주시 조일리2,33° 30.750',126° 57.750',,
제주,2020,제주도,제주시 조일리2,33° 30.750',126° 58.500',,
제주,2020,제주도,제주시 조일리2,33° 30.000',126° 58.500',,
제주,2020,제주도,제주시 하귀2리(귀일),33° 30.000',126° 23.250',,
제주,2020,제주도,제주시 하귀2리(귀일),33° 29.250',126° 23.250',,
제주,2020,제주도,제주시 하귀2리(귀일),33° 30.000',126° 24.000',,
제주,2020,제주도,제주시 하귀2리(귀일),33° 29.250',126° 24.000',,
제주,2020,제주도,제주시 화북동,33° 31.500',126° 33.750',,
제주,2020,제주도,제주시 화북동,33° 32.250',126° 33.750',,
제주,2020,제주도,제주시 화북동,33° 32.250',126° 34.500',,
제주,2020,제주도,제주시 화북동,33° 31.500',126° 34.500',,
제주,2020,제주도,서귀포시 강정동,33° 13.500',126° 27.000',,
제주,2020,제주도,서귀포시 강정동,33° 14.250',126° 27.000',,
제주,2020,제주도,서귀포시 강정동,33° 13.500',126° 27.750',,
제주,2020,제주도,서귀포시 강정동,33° 14.250',126° 27.750',,
동해,2021,강원도,강릉시 금진리,37° 39.000',128° 03.750',,
동해,2021,강원도,강릉시 금진리,37° 39.000',128° 04.500',,
동해,2021,강원도,강릉시 금진리,37° 38.250',128° 04.500',,
동해,2021,강원도,강릉시 금진리,37° 38.250',128° 03.750',,
동해,2021,강원도,고성균 교암리,38° 17.250',128° 33.000',,
동해,2021,강원도,고성균 교암리,38° 17.250',128° 33.750',,
동해,2021,강원도,고성균 교암리,38° 16.500',128° 33.750',,
동해,2021,강원도,고성균 교암리,38° 16.500',128° 33.000',,
동해,2021,강원도,양양군 동산리,37° 59.250',128° 45.750',,
동해,2021,강원도,양양군 동산리,37° 59.250',128° 46.500',,
동해,2021,강원도,양양군 동산리,37° 58.500',128° 46.500',,
동해,2021,강원도,양양군 동산리,37° 58.500',128° 45.750',,
동해,2021,강원도,양양군 광진리,37° 57.750',128° 45.750',,
동해,2021,강원도,양양군 광진리,37° 57.750',128° 46.500',,
동해,2021,강원도,양양군 광진리,37° 57.000',128° 45.750',,
동해,2021,강원도,양양군 광진리,37° 57.000',128° 46.500',,
동해,2021,경상북도,포항시 화진2리,36° 15.000',129° 22.500',,
동해,2021,경상북도,포항시 화진2리,36° 15.000',128° 23.250',,
동해,2021,경상북도,포항시 화진2리,38° 14.250',128° 23.250',,
동해,2021,경상북도,포항시 화진2리,38° 14.250',129° 22.500',,
서해,2021,인천광역시,옹진군 대청도2,37° 48.750',124° 40.500',,
서해,2021,인천광역시,옹진군 대청도2,37° 48.750',124° 41.250',,
서해,2021,인천광역시,옹진군 대청도2,37° 48.000',124° 41.250',,
서해,2021,인천광역시,옹진군 대청도2,37° 48.000',124° 40.500',,
서해,2021,전라북도,부안군 벌금(잘피숲),35° 36.795',126° 17.090',,
서해,2021,전라북도,부안군 벌금(잘피숲),35° 36.870',126° 17.275',,
서해,2021,전라북도,부안군 벌금(잘피숲),35° 36.671',126° 17.398',,
서해,2021,전라북도,부안군 벌금(잘피숲),35° 36.599',126° 17.225',,
서해,2021,경기도,안산시 풍도,37° 06.750',126° 22.500',37° 06.750',126° 23.250'
서해,2021,경기도,안산시 풍도,37° 06.750',126° 23.250',37° 06.750',126° 24.000'
서해,2021,경기도,안산시 풍도,37° 06.000',126° 23.250',37° 06.000',126° 24.000'
서해,2021,경기도,안산시 풍도,37° 06.000',126° 22.500',37° 06.000',126° 23.250'
서해,2021,경기도,안산시 대부도 선감(염생식물),37° 12.986',126° 38.171',,
서해,2021,경기도,안산시 대부도 선감(염생식물),37° 12.968',126° 38.164',,
서해,2021,경기도,안산시 대부도 선감(염생식물),37° 12.701',126° 38.750',,
서해,2021,경기도,안산시 대부도 선감(염생식물),37° 12.682',126° 38.747',,
남해,2021,경상남도,통영시 양지리,34° 48.000',128° 14.250',,
남해,2021,경상남도,통영시 양지리,34° 48.000',128° 15.000',,
남해,2021,경상남도,통영시 양지리,34° 47.250',128° 15.000',,
남해,2021,경상남도,통영시 양지리,34° 47.250',128° 14.250',,
남해,2021,경상남도,통영시 노대리,34° 40.500',128° 14.250',,
남해,2021,경상남도,통영시 노대리,34° 40.500',128° 15.000',,
남해,2021,경상남도,통영시 노대리,34° 39.750',128° 15.000',,
남해,2021,경상남도,통영시 노대리,34° 39.750',128° 14.250',,
남해,2021,경상남도,남해군 홍현리,34° 45.000',127° 54.000',,
남해,2021,경상남도,남해군 홍현리,34° 45.000',128° 54.750',,
남해,2021,경상남도,남해군 홍현리,34° 44.250',128° 54.750',,
남해,2021,경상남도,남해군 홍현리,34° 44.250',127° 54.000',,
남해,2021,전라남도,여수시 개도리,34° 34.500',127° 38.250',,
남해,2021,전라남도,여수시 개도리,34° 34.500',127° 39.000',,
남해,2021,전라남도,여수시 개도리,34° 33.750',127° 39.000',,
남해,2021,전라남도,여수시 개도리,34° 33.750',127° 38.250',,
제주,2021,제주도,서귀포시 온평리1,33° 25.500',126° 54.750',,
제주,2021,제주도,서귀포시 온평리1,33° 25.500',126° 55.500',,
제주,2021,제주도,서귀포시 온평리1,33° 24.750',126° 55.500',,
제주,2021,제주도,서귀포시 온평리1,33° 24.750',126° 54.750',,
제주,2021,제주도,제주시 평대리1,33° 33.000',126° 50.250',,
제주,2021,제주도,제주시 평대리1,33° 33.000',126° 51.000',,
제주,2021,제주도,제주시 평대리1,33° 33.250',126° 51.000',,
제주,2021,제주도,제주시 평대리1,33° 33.250',126° 50.250',,
제주,2021,제주도,제주시 평대리2,33° 32.250',126° 51.000',,
제주,2021,제주도,제주시 평대리2,33° 32.250',126° 51.750',,
제주,2021,제주도,제주시 평대리2,33° 31.500',126° 51.750',,
제주,2021,제주도,제주시 평대리2,33° 31.500',126° 51.000',,
제주,2021,제주도,제주시 판포리2,33° 22.500',126° 11.250',,
제주,2021,제주도,제주시 판포리2,33° 22.500',126° 12.000',,
제주,2021,제주도,제주시 판포리2,33° 21.750',126° 12.000',,
제주,2021,제주도,제주시 판포리2,33° 21.750',126° 11.250',,
동해,2022,강원도,고성군 청간리,38° 16.500',128° 33.750',,
동해,2022,강원도,고성군 청간리,38° 16.500',128° 34.500',,
동해,2022,강원도,고성군 청간리,38° 15.750',128° 34.500',,
동해,2022,강원도,고성군 청간리,38° 15.750',128° 33.750',,
동해,2022,강원도,속초시 대포동,38° 10.500',128° 36.750',,
동해,2022,강원도,속초시 대포동,38° 10.500',128° 37.500',,
동해,2022,강원도,속초시 대포동,38° 9.750',128° 37.500',,
동해,2022,강원도,속초시 대포동,38° 9.750',128° 36.750',,
동해,2022,경상북도,포항시 하정2리,35° 58.500',129° 33.000',,
동해,2022,경상북도,포항시 하정2리,35° 58.500',129° 33.750',,
동해,2022,경상북도,포항시 하정2리,35° 57.750',129° 33.750',,
동해,2022,경상북도,포항시 하정2리,35° 57.750',129° 33.000',,
동해,2022,경상북도,포항시 계원1리,35° 52.500',129° 31.500',,
동해,2022,경상북도,포항시 계원1리,35° 52.500',129° 32.250',,
동해,2022,경상북도,포항시 계원1리,35° 51.750',129° 32.250',,
동해,2022,경상북도,포항시 계원1리,35° 51.750',129° 31.500',,
동해,2022,경상북도,포항시 구평2리,35° 57.000',129° 32.250',,
동해,2022,경상북도,포항시 구평2리,35° 57.000',129° 33.000',,
동해,2022,경상북도,포항시 구평2리,35° 56.250',129° 33.000',,
동해,2022,경상북도,포항시 구평2리,35° 56.250',129° 32.250',,
서해,2022,인천광역시,옹진군 소이작도(잘피),37° 11.250',126° 13.500',,
서해,2022,인천광역시,옹진군 소이작도(잘피),37° 11.250',126° 14.250',,
서해,2022,인천광역시,옹진군 소이작도(잘피),37° 10.500',126° 14.250',,
서해,2022,인천광역시,옹진군 소이작도(잘피),37° 10.500',126° 13.500',,
서해,2022,인천광역시,옹진군 사항포,37° 59.250',124° 39.000',,
서해,2022,인천광역시,옹진군 사항포,37° 59.250',124° 39.750',,
서해,2022,인천광역시,옹진군 사항포,37° 58.500',124° 39.750',,
서해,2022,인천광역시,옹진군 사항포,37° 58.500',124° 39.000',,
남해,2022,경상남도,통영시 비진리,34° 43.500',128° 27.000',,
남해,2022,경상남도,통영시 비진리,34° 43.500',128° 27.750',,
남해,2022,경상남도,통영시 비진리,34° 42.750',128° 27.750',,
남해,2022,경상남도,통영시 비진리,34° 42.750',128° 27.000',,
남해,2022,경상남도,통영시 동항리,34° 40.500',128° 18.000',,
남해,2022,경상남도,통영시 동항리,34° 40.500',128° 18.750',,
남해,2022,경상남도,통영시 동항리,34° 39.750',128° 18.750',,
남해,2022,경상남도,통영시 동항리,34° 39.750',128° 18.000',,
남해,2022,경상남도,남해군 석교리,34° 45.750',127° 54.000',,
남해,2022,경상남도,남해군 석교리,34° 45.750',127° 54.750',,
남해,2022,경상남도,남해군 석교리,34° 45.000',127° 54.750',,
남해,2022,경상남도,남해군 석교리,34° 45.000',127° 54.000',,
남해,2022,전라남도,여수시 유송리,34° 33.000',127° 42.750',,
남해,2022,전라남도,여수시 유송리,34° 33.000',127° 43.500',,
남해,2022,전라남도,여수시 유송리,34° 32.250',127° 43.500',,
남해,2022,전라남도,여수시 유송리,34° 32.250',127° 42.750',,
남해,2022,전라남도,여수시 서도리,34° 3.750',127° 16.500',,
남해,2022,전라남도,여수시 서도리,34° 3.750',127° 17.250',,
남해,2022,전라남도,여수시 서도리,34° 3.000',127° 17.250',,
남해,2022,전라남도,여수시 서도리,34° 3.000',127° 16.500',,
남해,2022,전라남도,완도군 청계리,34° 9.750',126° 53.250',,
남해,2022,전라남도,완도군 청계리,34° 9.750',126° 54.000',,
남해,2022,전라남도,완도군 청계리,34° 9.000',126° 54.000',,
남해,2022,전라남도,완도군 청계리,34° 9.000',126° 53.250',,
제주,2022,제주특별자치도,제주시 신흥리,33° 33.750',126° 38.250',,
제주,2022,제주특별자치도,제주시 신흥리,33° 33.750',126° 39.000',,
제주,2022,제주특별자치도,제주시 신흥리,33° 33.000',126° 39.000',,
제주,2022,제주특별자치도,제주시 신흥리,33° 33.000',126° 38.250',,
제주,2022,제주특별자치도,서귀포시 남원리1,33° 16.500',126° 42.000',,
제주,2022,제주특별자치도,서귀포시 남원리1,33° 16.500',126° 42.750',,
제주,2022,제주특별자치도,서귀포시 남원리1,33° 15.750',126° 42.750',,
제주,2022,제주특별자치도,서귀포시 남원리1,33° 15.750',126° 42.000',,
제주,2022,제주특별자치도,서귀포시 중문동,33° 15.000',126° 24.750',,
제주,2022,제주특별자치도,서귀포시 중문동,33° 15.000',126° 25.500',,
제주,2022,제주특별자치도,서귀포시 중문동,33° 14.250',126° 25.500',,
제주,2022,제주특별자치도,서귀포시 중문동,33° 14.250',126° 24.750',,
제주,2022,제주특별자치도,서귀포시 태흥1리,33° 16.500',126° 43.500',,
제주,2022,제주특별자치도,서귀포시 태흥1리,33° 16.500',126° 44.250',,
제주,2022,제주특별자치도,서귀포시 태흥1리,33° 15.750',126° 44.250',,
제주,2022,제주특별자치도,서귀포시 태흥1리,33° 15.750',126° 43.500',,
